fit_time,fit_trees_main,fit_trees_inter,test_score,model_name,d_name,split_idx,n_splits,random_state,test_size
36.54497838020325,67045.0,0.0,0.9953703703703703,EGB_XGB_GAM_CYCLIC_REVERSE_CYCLIC_REVERSE,breast,0,5,42,86
62.690786361694336,163092.0,0.0,0.9918981481481481,EGB_XGB_GAM_CYCLIC_REVERSE_CYCLIC_REVERSE,breast,1,5,42,86
47.84677505493164,113239.0,0.0,0.9976851851851852,EGB_XGB_GAM_CYCLIC_REVERSE_CYCLIC_REVERSE,breast,2,5,42,86
48.91219997406006,117471.0,0.0,0.9866898148148149,EGB_XGB_GAM_CYCLIC_REVERSE_CYCLIC_REVERSE,breast,3,5,42,86
57.774455547332764,117030.0,0.0,0.9988425925925926,EGB_XGB_GAM_CYCLIC_REVERSE_CYCLIC_REVERSE,breast,4,5,42,86
104.17314076423645,96887.0,0.0,-0.1337404594111507,EGB_XGB_GAM_CYCLIC_REVERSE_CYCLIC_REVERSE,Crimes,0,5,42,300
121.338449716568,103331.0,0.0,-0.14309651978312132,EGB_XGB_GAM_CYCLIC_REVERSE_CYCLIC_REVERSE,Crimes,1,5,42,300
109.52157187461853,100485.0,0.0,-0.13873634509614993,EGB_XGB_GAM_CYCLIC_REVERSE_CYCLIC_REVERSE,Crimes,2,5,42,300
117.76217484474182,100093.0,0.0,-0.13682755943309574,EGB_XGB_GAM_CYCLIC_REVERSE_CYCLIC_REVERSE,Crimes,3,5,42,300
117.06437587738037,106667.0,0.0,-0.12989179852919322,EGB_XGB_GAM_CYCLIC_REVERSE_CYCLIC_REVERSE,Crimes,4,5,42,300
1297.765744447708,100000.0,0.0,-0.0212529730629647,EGB_XGB_GAM_BEST_FIT_BEST_FIT,synthetic_ordering1000,0,5,42,150
1312.5627527236938,100000.0,0.0,-0.022468064030335,EGB_XGB_GAM_BEST_FIT_BEST_FIT,synthetic_ordering1000,1,5,42,150
1255.6468694210052,100000.0,0.0,-0.0211101194275995,EGB_XGB_GAM_BEST_FIT_BEST_FIT,synthetic_ordering1000,2,5,42,150
1237.8847556114197,100000.0,0.0,-0.0209508403327964,EGB_XGB_GAM_BEST_FIT_BEST_FIT,synthetic_ordering1000,3,5,42,150
1236.4191160202026,100000.0,0.0,-0.0195284960655129,EGB_XGB_GAM_BEST_FIT_BEST_FIT,synthetic_ordering1000,4,5,42,150
2.0838935375213623,100000.0,0.0,-0.0213816295868731,EBM_GAM,synthetic_ordering10,0,5,42,150
1.095949649810791,100000.0,0.0,-0.022393748088559,EBM_GAM,synthetic_ordering10,1,5,42,150
1.050816535949707,100000.0,0.0,-0.0211564449758677,EBM_GAM,synthetic_ordering10,2,5,42,150
1.0765690803527832,100000.0,0.0,-0.0208105966817907,EBM_GAM,synthetic_ordering10,3,5,42,150
1.154827117919922,100000.0,0.0,-0.0194986690461547,EBM_GAM,synthetic_ordering10,4,5,42,150
1.2299954891204834,100000.0,0.0,-0.0213816295868731,EBM_GAM,synthetic_ordering100,0,5,42,150
1.2251272201538086,100000.0,0.0,-0.0223937480885589,EBM_GAM,synthetic_ordering100,1,5,42,150
1.237943410873413,100000.0,0.0,-0.0211564449758677,EBM_GAM,synthetic_ordering100,2,5,42,150
1.367030143737793,100000.0,0.0,-0.0208105966817906,EBM_GAM,synthetic_ordering100,3,5,42,150
1.2800307273864746,100000.0,0.0,-0.0194986690461547,EBM_GAM,synthetic_ordering100,4,5,42,150
3.4346327781677246,100000.0,0.0,-0.0213816295868732,EBM_GAM,synthetic_ordering1000,0,5,42,150
3.3402464389801025,100000.0,0.0,-0.0223937480885589,EBM_GAM,synthetic_ordering1000,1,5,42,150
3.2418670654296875,100000.0,0.0,-0.0211564449758678,EBM_GAM,synthetic_ordering1000,2,5,42,150
3.177809715270996,100000.0,0.0,-0.0208105966817907,EBM_GAM,synthetic_ordering1000,3,5,42,150
3.280963897705078,100000.0,0.0,-0.0194986690461547,EBM_GAM,synthetic_ordering1000,4,5,42,150
31.17372345924377,100000.0,0.0,-0.0212529730629647,EGB_XGB_GAM_CYCLIC_RANDOM_REVERSE_CYCLIC_RANDOM_REVERSE,synthetic_ordering10,0,5,42,150
33.98404359817505,100000.0,0.0,-0.022468064030335,EGB_XGB_GAM_CYCLIC_RANDOM_REVERSE_CYCLIC_RANDOM_REVERSE,synthetic_ordering10,1,5,42,150
31.3801953792572,100000.0,0.0,-0.0211101194275995,EGB_XGB_GAM_CYCLIC_RANDOM_REVERSE_CYCLIC_RANDOM_REVERSE,synthetic_ordering10,2,5,42,150
32.230419874191284,100000.0,0.0,-0.0209508403327964,EGB_XGB_GAM_CYCLIC_RANDOM_REVERSE_CYCLIC_RANDOM_REVERSE,synthetic_ordering10,3,5,42,150
31.205169200897217,100000.0,0.0,-0.0195284960655129,EGB_XGB_GAM_CYCLIC_RANDOM_REVERSE_CYCLIC_RANDOM_REVERSE,synthetic_ordering10,4,5,42,150
76.15232801437378,100000.0,0.0,-0.0212529730629648,EGB_XGB_GAM_CYCLIC_RANDOM_REVERSE_CYCLIC_RANDOM_REVERSE,synthetic_ordering100,0,5,42,150
78.56320238113403,100000.0,0.0,-0.022468064030335,EGB_XGB_GAM_CYCLIC_RANDOM_REVERSE_CYCLIC_RANDOM_REVERSE,synthetic_ordering100,1,5,42,150
92.70146131515504,100000.0,0.0,-0.0211101194275995,EGB_XGB_GAM_CYCLIC_RANDOM_REVERSE_CYCLIC_RANDOM_REVERSE,synthetic_ordering100,2,5,42,150
78.216059923172,100000.0,0.0,-0.0209508403327964,EGB_XGB_GAM_CYCLIC_RANDOM_REVERSE_CYCLIC_RANDOM_REVERSE,synthetic_ordering100,3,5,42,150
76.49167561531067,100000.0,0.0,-0.0195284960655129,EGB_XGB_GAM_CYCLIC_RANDOM_REVERSE_CYCLIC_RANDOM_REVERSE,synthetic_ordering100,4,5,42,150
1112.4619553089142,100000.0,0.0,-0.0212529730629647,EGB_XGB_GAM_CYCLIC_CYCLIC,synthetic_ordering1000,0,5,42,150
1111.776938915253,100000.0,0.0,-0.022468064030335,EGB_XGB_GAM_CYCLIC_CYCLIC,synthetic_ordering1000,1,5,42,150
1114.4340946674347,100000.0,0.0,-0.0211101194275995,EGB_XGB_GAM_CYCLIC_CYCLIC,synthetic_ordering1000,2,5,42,150
1122.040807247162,100000.0,0.0,-0.0209508403327964,EGB_XGB_GAM_CYCLIC_CYCLIC,synthetic_ordering1000,3,5,42,150
1101.4313814640043,100000.0,0.0,-0.0195284960655128,EGB_XGB_GAM_CYCLIC_CYCLIC,synthetic_ordering1000,4,5,42,150
30.471585988998413,100000.0,0.0,-0.0212529730629647,EGB_XGB_GAM_RANDOM_RANDOM,synthetic_ordering10,0,5,42,150
30.51387047767639,100000.0,0.0,-0.022468064030335,EGB_XGB_GAM_RANDOM_RANDOM,synthetic_ordering10,1,5,42,150
30.661811590194706,100000.0,0.0,-0.0211101194275995,EGB_XGB_GAM_RANDOM_RANDOM,synthetic_ordering10,2,5,42,150
30.73867177963257,100000.0,0.0,-0.0209508403327964,EGB_XGB_GAM_RANDOM_RANDOM,synthetic_ordering10,3,5,42,150
29.999558687210083,100000.0,0.0,-0.0195284960655129,EGB_XGB_GAM_RANDOM_RANDOM,synthetic_ordering10,4,5,42,150
75.71526575088501,100000.0,0.0,-0.0212529730629647,EGB_XGB_GAM_RANDOM_RANDOM,synthetic_ordering100,0,5,42,150
79.58637356758118,100000.0,0.0,-0.022468064030335,EGB_XGB_GAM_RANDOM_RANDOM,synthetic_ordering100,1,5,42,150
76.75611591339111,100000.0,0.0,-0.0211101194275995,EGB_XGB_GAM_RANDOM_RANDOM,synthetic_ordering100,2,5,42,150
76.3609893321991,100000.0,0.0,-0.0209508403327964,EGB_XGB_GAM_RANDOM_RANDOM,synthetic_ordering100,3,5,42,150
75.72773861885071,100000.0,0.0,-0.0195284960655129,EGB_XGB_GAM_RANDOM_RANDOM,synthetic_ordering100,4,5,42,150
1099.759698867798,100000.0,0.0,-0.0212529730629648,EGB_XGB_GAM_RANDOM_RANDOM,synthetic_ordering1000,0,5,42,150
1104.471488237381,100000.0,0.0,-0.022468064030335,EGB_XGB_GAM_RANDOM_RANDOM,synthetic_ordering1000,1,5,42,150
1115.7291729450226,100000.0,0.0,-0.0211101194275996,EGB_XGB_GAM_RANDOM_RANDOM,synthetic_ordering1000,2,5,42,150
1100.671228647232,100000.0,0.0,-0.0209508403327965,EGB_XGB_GAM_RANDOM_RANDOM,synthetic_ordering1000,3,5,42,150
1095.7344126701355,100000.0,0.0,-0.0195284960655129,EGB_XGB_GAM_RANDOM_RANDOM,synthetic_ordering1000,4,5,42,150
30.03981900215149,100000.0,0.0,-0.0212529730629647,EGB_XGB_GAM_CYCLIC_RANDOM_CYCLIC_RANDOM,synthetic_ordering10,0,5,42,150
30.23780107498169,100000.0,0.0,-0.022468064030335,EGB_XGB_GAM_CYCLIC_RANDOM_CYCLIC_RANDOM,synthetic_ordering10,1,5,42,150
30.43628835678101,100000.0,0.0,-0.0211101194275995,EGB_XGB_GAM_CYCLIC_RANDOM_CYCLIC_RANDOM,synthetic_ordering10,2,5,42,150
30.498888969421387,100000.0,0.0,-0.0209508403327964,EGB_XGB_GAM_CYCLIC_RANDOM_CYCLIC_RANDOM,synthetic_ordering10,3,5,42,150
30.14570355415344,100000.0,0.0,-0.0195284960655129,EGB_XGB_GAM_CYCLIC_RANDOM_CYCLIC_RANDOM,synthetic_ordering10,4,5,42,150
77.21180653572083,100000.0,0.0,-0.0212529730629647,EGB_XGB_GAM_CYCLIC_RANDOM_CYCLIC_RANDOM,synthetic_ordering100,0,5,42,150
78.13642311096191,100000.0,0.0,-0.022468064030335,EGB_XGB_GAM_CYCLIC_RANDOM_CYCLIC_RANDOM,synthetic_ordering100,1,5,42,150
76.78210592269897,100000.0,0.0,-0.0211101194275995,EGB_XGB_GAM_CYCLIC_RANDOM_CYCLIC_RANDOM,synthetic_ordering100,2,5,42,150
75.88885974884033,100000.0,0.0,-0.0209508403327964,EGB_XGB_GAM_CYCLIC_RANDOM_CYCLIC_RANDOM,synthetic_ordering100,3,5,42,150
77.15593004226685,100000.0,0.0,-0.0195284960655129,EGB_XGB_GAM_CYCLIC_RANDOM_CYCLIC_RANDOM,synthetic_ordering100,4,5,42,150
1110.8944308757782,100000.0,0.0,-0.0212529730629647,EGB_XGB_GAM_CYCLIC_RANDOM_CYCLIC_RANDOM,synthetic_ordering1000,0,5,42,150
1118.4824931621552,100000.0,0.0,-0.022468064030335,EGB_XGB_GAM_CYCLIC_RANDOM_CYCLIC_RANDOM,synthetic_ordering1000,1,5,42,150
1127.427721261978,100000.0,0.0,-0.0211101194275995,EGB_XGB_GAM_CYCLIC_RANDOM_CYCLIC_RANDOM,synthetic_ordering1000,2,5,42,150
1119.5563080310822,100000.0,0.0,-0.0209508403327964,EGB_XGB_GAM_CYCLIC_RANDOM_CYCLIC_RANDOM,synthetic_ordering1000,3,5,42,150
1128.1487221717834,100000.0,0.0,-0.0195284960655129,EGB_XGB_GAM_CYCLIC_RANDOM_CYCLIC_RANDOM,synthetic_ordering1000,4,5,42,150
32.64653301239014,100000.0,0.0,-0.0212529730629647,EGB_XGB_GAM_BEST_FIT_BEST_FIT,synthetic_ordering10,0,5,42,150
32.723774433135986,100000.0,0.0,-0.022468064030335,EGB_XGB_GAM_BEST_FIT_BEST_FIT,synthetic_ordering10,1,5,42,150
33.609713077545166,100000.0,0.0,-0.0211101194275995,EGB_XGB_GAM_BEST_FIT_BEST_FIT,synthetic_ordering10,2,5,42,150
33.34089398384094,100000.0,0.0,-0.0209508403327964,EGB_XGB_GAM_BEST_FIT_BEST_FIT,synthetic_ordering10,3,5,42,150
32.8998658657074,100000.0,0.0,-0.0195284960655129,EGB_XGB_GAM_BEST_FIT_BEST_FIT,synthetic_ordering10,4,5,42,150
97.84796667099,100000.0,0.0,-0.0212529730629647,EGB_XGB_GAM_BEST_FIT_BEST_FIT,synthetic_ordering100,0,5,42,150
96.38387036323547,100000.0,0.0,-0.022468064030335,EGB_XGB_GAM_BEST_FIT_BEST_FIT,synthetic_ordering100,1,5,42,150
96.32250571250916,100000.0,0.0,-0.0211101194275995,EGB_XGB_GAM_BEST_FIT_BEST_FIT,synthetic_ordering100,2,5,42,150
96.5467541217804,100000.0,0.0,-0.0209508403327964,EGB_XGB_GAM_BEST_FIT_BEST_FIT,synthetic_ordering100,3,5,42,150
97.59077668190002,100000.0,0.0,-0.0195284960655129,EGB_XGB_GAM_BEST_FIT_BEST_FIT,synthetic_ordering100,4,5,42,150
33.55952024459839,100000.0,0.0,-0.0212529730629647,EGB_XGB_GAM_CYCLIC_REVERSE_CYCLIC_REVERSE,synthetic_ordering10,0,5,42,150
31.59287643432617,100000.0,0.0,-0.022468064030335,EGB_XGB_GAM_CYCLIC_REVERSE_CYCLIC_REVERSE,synthetic_ordering10,1,5,42,150
30.240164279937744,100000.0,0.0,-0.0211101194275995,EGB_XGB_GAM_CYCLIC_REVERSE_CYCLIC_REVERSE,synthetic_ordering10,2,5,42,150
30.28703141212464,100000.0,0.0,-0.0209508403327964,EGB_XGB_GAM_CYCLIC_REVERSE_CYCLIC_REVERSE,synthetic_ordering10,3,5,42,150
30.183528661727905,100000.0,0.0,-0.0195284960655129,EGB_XGB_GAM_CYCLIC_REVERSE_CYCLIC_REVERSE,synthetic_ordering10,4,5,42,150
80.83846664428711,100000.0,0.0,-0.0212529730629647,EGB_XGB_GAM_CYCLIC_REVERSE_CYCLIC_REVERSE,synthetic_ordering100,0,5,42,150
78.65173935890198,100000.0,0.0,-0.022468064030335,EGB_XGB_GAM_CYCLIC_REVERSE_CYCLIC_REVERSE,synthetic_ordering100,1,5,42,150
77.84077095985413,100000.0,0.0,-0.0211101194275995,EGB_XGB_GAM_CYCLIC_REVERSE_CYCLIC_REVERSE,synthetic_ordering100,2,5,42,150
81.83878707885742,100000.0,0.0,-0.0209508403327964,EGB_XGB_GAM_CYCLIC_REVERSE_CYCLIC_REVERSE,synthetic_ordering100,3,5,42,150
79.92716836929321,100000.0,0.0,-0.0195284960655129,EGB_XGB_GAM_CYCLIC_REVERSE_CYCLIC_REVERSE,synthetic_ordering100,4,5,42,150
1195.7902207374573,100000.0,0.0,-0.0212529730629647,EGB_XGB_GAM_CYCLIC_REVERSE_CYCLIC_REVERSE,synthetic_ordering1000,0,5,42,150
1193.8750896453855,100000.0,0.0,-0.022468064030335,EGB_XGB_GAM_CYCLIC_REVERSE_CYCLIC_REVERSE,synthetic_ordering1000,1,5,42,150
1212.6913347244265,100000.0,0.0,-0.0211101194275995,EGB_XGB_GAM_CYCLIC_REVERSE_CYCLIC_REVERSE,synthetic_ordering1000,2,5,42,150
1179.917381286621,100000.0,0.0,-0.0209508403327964,EGB_XGB_GAM_CYCLIC_REVERSE_CYCLIC_REVERSE,synthetic_ordering1000,3,5,42,150
1137.9329977035522,100000.0,0.0,-0.0195284960655128,EGB_XGB_GAM_CYCLIC_REVERSE_CYCLIC_REVERSE,synthetic_ordering1000,4,5,42,150
30.9584276676178,100000.0,0.0,-0.0212529730629647,EGB_XGB_GAM_CYCLIC_CYCLIC,synthetic_ordering10,0,5,42,150
30.873579025268555,100000.0,0.0,-0.022468064030335,EGB_XGB_GAM_CYCLIC_CYCLIC,synthetic_ordering10,1,5,42,150
31.020363807678223,100000.0,0.0,-0.0211101194275995,EGB_XGB_GAM_CYCLIC_CYCLIC,synthetic_ordering10,2,5,42,150
31.66787624359131,100000.0,0.0,-0.0209508403327964,EGB_XGB_GAM_CYCLIC_CYCLIC,synthetic_ordering10,3,5,42,150
30.627363920211792,100000.0,0.0,-0.0195284960655129,EGB_XGB_GAM_CYCLIC_CYCLIC,synthetic_ordering10,4,5,42,150
78.88505744934082,100000.0,0.0,-0.0212529730629647,EGB_XGB_GAM_CYCLIC_CYCLIC,synthetic_ordering100,0,5,42,150
77.79802632331848,100000.0,0.0,-0.022468064030335,EGB_XGB_GAM_CYCLIC_CYCLIC,synthetic_ordering100,1,5,42,150
76.96826791763306,100000.0,0.0,-0.0211101194275995,EGB_XGB_GAM_CYCLIC_CYCLIC,synthetic_ordering100,2,5,42,150
83.01734447479248,100000.0,0.0,-0.0209508403327964,EGB_XGB_GAM_CYCLIC_CYCLIC,synthetic_ordering100,3,5,42,150
80.19511032104492,100000.0,0.0,-0.0195284960655129,EGB_XGB_GAM_CYCLIC_CYCLIC,synthetic_ordering100,4,5,42,150
13.038142204284668,33916.0,0.0,-0.0963637675023644,EGB_XGB_GAM_CYCLIC_REVERSE_CYCLIC_REVERSE,synthetic_corr,0,5,42,150
11.40921688079834,32281.0,0.0,-0.0919527217467802,EGB_XGB_GAM_CYCLIC_REVERSE_CYCLIC_REVERSE,synthetic_corr,1,5,42,150
13.719006776809692,35556.0,0.0,-0.0943693841291461,EGB_XGB_GAM_CYCLIC_REVERSE_CYCLIC_REVERSE,synthetic_corr,2,5,42,150
13.117654085159302,35063.0,0.0,-0.0808161417495246,EGB_XGB_GAM_CYCLIC_REVERSE_CYCLIC_REVERSE,synthetic_corr,3,5,42,150
11.619966983795166,33130.0,0.0,-0.0868276914434455,EGB_XGB_GAM_CYCLIC_REVERSE_CYCLIC_REVERSE,synthetic_corr,4,5,42,150
12.59272003173828,33615.0,0.0,-0.0964998397160633,EGB_XGB_GAM_CYCLIC_RANDOM_CYCLIC_RANDOM,synthetic_corr,0,5,42,150
12.160679578781128,33194.0,0.0,-0.0917987948051782,EGB_XGB_GAM_CYCLIC_RANDOM_CYCLIC_RANDOM,synthetic_corr,1,5,42,150
12.654693365097046,35626.0,0.0,-0.0944741678741279,EGB_XGB_GAM_CYCLIC_RANDOM_CYCLIC_RANDOM,synthetic_corr,2,5,42,150
12.968127489089966,35136.0,0.0,-0.0807366279317637,EGB_XGB_GAM_CYCLIC_RANDOM_CYCLIC_RANDOM,synthetic_corr,3,5,42,150
12.149004936218262,33013.0,0.0,-0.0867780132620957,EGB_XGB_GAM_CYCLIC_RANDOM_CYCLIC_RANDOM,synthetic_corr,4,5,42,150
12.249518156051636,33497.0,0.0,-0.0964707197891493,EGB_XGB_GAM_CYCLIC_RANDOM_REVERSE_CYCLIC_RANDOM_REVERSE,synthetic_corr,0,5,42,150
11.924287557601929,32890.0,0.0,-0.0918252621056668,EGB_XGB_GAM_CYCLIC_RANDOM_REVERSE_CYCLIC_RANDOM_REVERSE,synthetic_corr,1,5,42,150
13.031308889389038,35561.0,0.0,-0.0944491988519143,EGB_XGB_GAM_CYCLIC_RANDOM_REVERSE_CYCLIC_RANDOM_REVERSE,synthetic_corr,2,5,42,150
12.837769985198976,34245.0,0.0,-0.0808460792472605,EGB_XGB_GAM_CYCLIC_RANDOM_REVERSE_CYCLIC_RANDOM_REVERSE,synthetic_corr,3,5,42,150
12.996593236923218,33072.0,0.0,-0.0866266574148221,EGB_XGB_GAM_CYCLIC_RANDOM_REVERSE_CYCLIC_RANDOM_REVERSE,synthetic_corr,4,5,42,150
80.3862373828888,39390.0,23389.0,0.8276222058462295,EGB_XGB_GA2M_BEST_FIT_BEST_FIT,support2,0,5,42,1366
68.8587703704834,33892.0,21154.0,0.8476139434135012,EGB_XGB_GA2M_BEST_FIT_BEST_FIT,support2,1,5,42,1366
82.33530831336975,38123.0,22944.0,0.8079151872445903,EGB_XGB_GA2M_BEST_FIT_BEST_FIT,support2,2,5,42,1366
92.7101218700409,38598.0,25832.0,0.8259948415622697,EGB_XGB_GA2M_BEST_FIT_BEST_FIT,support2,3,5,42,1366
82.68367958068848,35528.0,25473.0,0.8121999285411223,EGB_XGB_GA2M_BEST_FIT_BEST_FIT,support2,4,5,42,1366
105.85552549362184,76865.0,21792.0,0.8249090015854936,EGB_XGB_GA2M_CYCLIC_BEST_FIT,support2,0,5,42,1366
91.1511332988739,63543.0,19197.0,0.8474492530314195,EGB_XGB_GA2M_CYCLIC_BEST_FIT,support2,1,5,42,1366
103.97002124786376,73196.0,19496.0,0.8109270672829993,EGB_XGB_GA2M_CYCLIC_BEST_FIT,support2,2,5,42,1366
110.49141216278076,73649.0,24670.0,0.8262935173399433,EGB_XGB_GA2M_CYCLIC_BEST_FIT,support2,3,5,42,1366
108.36630201339722,67707.0,24285.0,0.8062850315982224,EGB_XGB_GA2M_CYCLIC_BEST_FIT,support2,4,5,42,1366
27.18691873550415,63802.0,0.0,0.9953703703703703,EGB_XGB_GAM_CYCLIC_CYCLIC,breast,0,5,42,86
65.46014881134033,187542.0,0.0,0.991898148148148,EGB_XGB_GAM_CYCLIC_CYCLIC,breast,1,5,42,86
43.27990293502808,112039.0,0.0,0.9976851851851852,EGB_XGB_GAM_CYCLIC_CYCLIC,breast,2,5,42,86
39.65839219093323,99949.0,0.0,0.9866898148148148,EGB_XGB_GAM_CYCLIC_CYCLIC,breast,3,5,42,86
51.85847282409668,118096.0,0.0,0.9988425925925926,EGB_XGB_GAM_CYCLIC_CYCLIC,breast,4,5,42,86
15.290183782577516,28689.0,0.0,0.9936342592592592,EGB_XGB_GAM_BEST_FIT_BEST_FIT,breast,0,5,42,86
36.531155824661255,94425.0,0.0,0.988425925925926,EGB_XGB_GAM_BEST_FIT_BEST_FIT,breast,1,5,42,86
33.03323793411255,76556.0,0.0,0.9953703703703703,EGB_XGB_GAM_BEST_FIT_BEST_FIT,breast,2,5,42,86
24.3818576335907,59063.0,0.0,0.9832175925925926,EGB_XGB_GAM_BEST_FIT_BEST_FIT,breast,3,5,42,86
29.640204906463623,70211.0,0.0,0.9976851851851852,EGB_XGB_GAM_BEST_FIT_BEST_FIT,breast,4,5,42,86
103.10041427612305,95796.0,0.0,-0.1336952770871737,EGB_XGB_GAM_CYCLIC_CYCLIC,Crimes,0,5,42,300
111.36377930641174,104259.0,0.0,-0.1431456137530145,EGB_XGB_GAM_CYCLIC_CYCLIC,Crimes,1,5,42,300
102.98663115501404,99309.0,0.0,-0.1387835682870461,EGB_XGB_GAM_CYCLIC_CYCLIC,Crimes,2,5,42,300
105.6325330734253,103440.0,0.0,-0.1368051288090128,EGB_XGB_GAM_CYCLIC_CYCLIC,Crimes,3,5,42,300
110.58150339126588,105430.0,0.0,-0.1297365820564075,EGB_XGB_GAM_CYCLIC_CYCLIC,Crimes,4,5,42,300
79.48664498329163,62250.0,0.0,-0.1317657900230413,EGB_XGB_GAM_BEST_FIT_BEST_FIT,Crimes,0,5,42,300
77.39025783538818,62105.0,0.0,-0.141594891583255,EGB_XGB_GAM_BEST_FIT_BEST_FIT,Crimes,1,5,42,300
77.72447204589844,61490.0,0.0,-0.1363792980066244,EGB_XGB_GAM_BEST_FIT_BEST_FIT,Crimes,2,5,42,300
78.84436655044556,62173.0,0.0,-0.1328541561173249,EGB_XGB_GAM_BEST_FIT_BEST_FIT,Crimes,3,5,42,300
93.03445243835448,68685.0,0.0,-0.1292832479934282,EGB_XGB_GAM_BEST_FIT_BEST_FIT,Crimes,4,5,42,300
189.29684805870056,203203.0,0.0,-3.629261959170337,EGB_XGB_GAM_CYCLIC_CYCLIC,fico,0,5,42,1480
225.30713295936584,249477.0,0.0,-3.529352170278621,EGB_XGB_GAM_CYCLIC_CYCLIC,fico,1,5,42,1480
189.7560698986053,212673.0,0.0,-3.4046061504894163,EGB_XGB_GAM_CYCLIC_CYCLIC,fico,2,5,42,1480
202.64093494415283,225415.0,0.0,-3.5537239341904527,EGB_XGB_GAM_CYCLIC_CYCLIC,fico,3,5,42,1480
184.5030336380005,211678.0,0.0,-3.435686830302405,EGB_XGB_GAM_CYCLIC_CYCLIC,fico,4,5,42,1480
94.83371305465698,100706.0,0.0,-3.604388802708514,EGB_XGB_GAM_BEST_FIT_BEST_FIT,fico,0,5,42,1480
117.81699419021606,122347.0,0.0,-3.5283964584034626,EGB_XGB_GAM_BEST_FIT_BEST_FIT,fico,1,5,42,1480
99.70512652397156,110480.0,0.0,-3.388687643469822,EGB_XGB_GAM_BEST_FIT_BEST_FIT,fico,2,5,42,1480
112.11022090911864,119012.0,0.0,-3.578223773217726,EGB_XGB_GAM_BEST_FIT_BEST_FIT,fico,3,5,42,1480
92.76254868507384,102847.0,0.0,-3.401922948385211,EGB_XGB_GAM_BEST_FIT_BEST_FIT,fico,4,5,42,1480
319.2498588562012,309275.0,0.0,-0.5718882709079754,EGB_XGB_GAM_CYCLIC_CYCLIC,california housing,0,5,42,3096
314.7611417770386,298734.0,0.0,-0.5723245005901355,EGB_XGB_GAM_CYCLIC_CYCLIC,california housing,1,5,42,3096
292.89173555374146,286355.0,0.0,-0.5900223672605658,EGB_XGB_GAM_CYCLIC_CYCLIC,california housing,2,5,42,3096
322.9504370689392,313104.0,0.0,-0.5610002002330866,EGB_XGB_GAM_CYCLIC_CYCLIC,california housing,3,5,42,3096
383.13331961631775,298493.0,0.0,-0.5594430410557887,EGB_XGB_GAM_CYCLIC_CYCLIC,california housing,4,5,42,3096
197.9474694728852,181827.0,0.0,-0.5682879758802059,EGB_XGB_GAM_BEST_FIT_BEST_FIT,california housing,0,5,42,3096
184.1735486984253,172700.0,0.0,-0.5683895380920787,EGB_XGB_GAM_BEST_FIT_BEST_FIT,california housing,1,5,42,3096
188.59784722328183,172681.0,0.0,-0.583848562055984,EGB_XGB_GAM_BEST_FIT_BEST_FIT,california housing,2,5,42,3096
197.72066950798035,180491.0,0.0,-0.5566637311118022,EGB_XGB_GAM_BEST_FIT_BEST_FIT,california housing,3,5,42,3096
197.6802754402161,179338.0,0.0,-0.555342758904955,EGB_XGB_GAM_BEST_FIT_BEST_FIT,california housing,4,5,42,3096
18.486398458480835,40215.0,0.0,0.7371745725641449,EGB_XGB_GAM_CYCLIC_CYCLIC,compass,0,5,42,926
22.324960470199585,44056.0,0.0,0.7498200888972507,EGB_XGB_GAM_CYCLIC_CYCLIC,compass,1,5,42,926
17.07698941230774,35998.0,0.0,0.7466875191082054,EGB_XGB_GAM_CYCLIC_CYCLIC,compass,2,5,42,926
20.892481803894043,45588.0,0.0,0.735756449754239,EGB_XGB_GAM_CYCLIC_CYCLIC,compass,3,5,42,926
17.85070490837097,39391.0,0.0,0.7498271442346134,EGB_XGB_GAM_CYCLIC_CYCLIC,compass,4,5,42,926
9.45357894897461,17767.0,0.0,0.7384468850685544,EGB_XGB_GAM_BEST_FIT_BEST_FIT,compass,0,5,42,926
7.288531541824341,14545.0,0.0,0.750452717480774,EGB_XGB_GAM_BEST_FIT_BEST_FIT,compass,1,5,42,926
6.454252243041992,13027.0,0.0,0.7492415512335082,EGB_XGB_GAM_BEST_FIT_BEST_FIT,compass,2,5,42,926
7.350430965423584,15445.0,0.0,0.7380517861762423,EGB_XGB_GAM_BEST_FIT_BEST_FIT,compass,3,5,42,926
7.310298442840576,15217.0,0.0,0.7528515321840972,EGB_XGB_GAM_BEST_FIT_BEST_FIT,compass,4,5,42,926
74.36954116821289,75599.0,0.0,0.8179026819410019,EGB_XGB_GAM_CYCLIC_CYCLIC,support2,0,5,42,1366
62.54661560058594,64862.0,0.0,0.8408672204729685,EGB_XGB_GAM_CYCLIC_CYCLIC,support2,1,5,42,1366
77.50240707397461,76206.0,0.0,0.8053275942922222,EGB_XGB_GAM_CYCLIC_CYCLIC,support2,2,5,42,1366
71.41070413589478,72544.0,0.0,0.8219082869967174,EGB_XGB_GAM_CYCLIC_CYCLIC,support2,3,5,42,1366
66.51807856559753,65612.0,0.0,0.8041217257318953,EGB_XGB_GAM_CYCLIC_CYCLIC,support2,4,5,42,1366
48.605414152145386,39105.0,0.0,0.8215426185212479,EGB_XGB_GAM_BEST_FIT_BEST_FIT,support2,0,5,42,1366
37.05343437194824,33760.0,0.0,0.84177720461803,EGB_XGB_GAM_BEST_FIT_BEST_FIT,support2,1,5,42,1366
45.02922439575195,39436.0,0.0,0.805461579687814,EGB_XGB_GAM_BEST_FIT_BEST_FIT,support2,2,5,42,1366
42.68019700050354,38001.0,0.0,0.8222265023112482,EGB_XGB_GAM_BEST_FIT_BEST_FIT,support2,3,5,42,1366
39.04216742515564,35429.0,0.0,0.8069437931265492,EGB_XGB_GAM_BEST_FIT_BEST_FIT,support2,4,5,42,1366
210.7501149177552,215399.0,0.0,-98.1711929666604,EGB_XGB_GAM_CYCLIC_CYCLIC,bike,0,5,42,2607
173.55767965316772,183663.0,0.0,-97.36311573610044,EGB_XGB_GAM_CYCLIC_CYCLIC,bike,1,5,42,2607
201.06873989105225,210160.0,0.0,-96.75547943220718,EGB_XGB_GAM_CYCLIC_CYCLIC,bike,2,5,42,2607
213.60711526870728,215211.0,0.0,-99.2849133362052,EGB_XGB_GAM_CYCLIC_CYCLIC,bike,3,5,42,2607
203.654277086258,214545.0,0.0,-96.21267942610916,EGB_XGB_GAM_CYCLIC_CYCLIC,bike,4,5,42,2607
102.36943578720091,103089.0,0.0,-98.2255299759308,EGB_XGB_GAM_BEST_FIT_BEST_FIT,bike,0,5,42,2607
94.4060082435608,99830.0,0.0,-97.2504457370618,EGB_XGB_GAM_BEST_FIT_BEST_FIT,bike,1,5,42,2607
99.9852421283722,104603.0,0.0,-96.66419094056216,EGB_XGB_GAM_BEST_FIT_BEST_FIT,bike,2,5,42,2607
89.67111396789551,93487.0,0.0,-99.203567702573,EGB_XGB_GAM_BEST_FIT_BEST_FIT,bike,3,5,42,2607
93.6968719959259,93703.0,0.0,-96.1875892102843,EGB_XGB_GAM_BEST_FIT_BEST_FIT,bike,4,5,42,2607
38.05415153503418,55007.0,0.0,0.8373110599078342,EGB_XGB_GAM_CYCLIC_CYCLIC,churn,0,5,42,1055
41.23899555206299,57704.0,0.0,0.8316382488479263,EGB_XGB_GAM_CYCLIC_CYCLIC,churn,1,5,42,1055
39.625324010849,53893.0,0.0,0.8336912442396314,EGB_XGB_GAM_CYCLIC_CYCLIC,churn,2,5,42,1055
53.15920948982239,73763.0,0.0,0.8593870967741936,EGB_XGB_GAM_CYCLIC_CYCLIC,churn,3,5,42,1055
43.83924841880798,63785.0,0.0,0.8552626728110598,EGB_XGB_GAM_CYCLIC_CYCLIC,churn,4,5,42,1055
18.496885299682617,24824.0,0.0,0.8374677419354838,EGB_XGB_GAM_BEST_FIT_BEST_FIT,churn,0,5,42,1055
19.2438383102417,25322.0,0.0,0.8329792626728111,EGB_XGB_GAM_BEST_FIT_BEST_FIT,churn,1,5,42,1055
20.233803510665894,26549.0,0.0,0.8335622119815669,EGB_XGB_GAM_BEST_FIT_BEST_FIT,churn,2,5,42,1055
22.517426013946533,30455.0,0.0,0.8598801843317971,EGB_XGB_GAM_BEST_FIT_BEST_FIT,churn,3,5,42,1055
18.094326734542847,25487.0,0.0,0.8540645161290322,EGB_XGB_GAM_BEST_FIT_BEST_FIT,churn,4,5,42,1055
38.90908432006836,74943.0,0.0,-0.7042519396430363,EGB_XGB_GAM_CYCLIC_CYCLIC,wine,0,5,42,735
49.68691539764404,89283.0,0.0,-0.6901497022315408,EGB_XGB_GAM_CYCLIC_CYCLIC,wine,1,5,42,735
41.20847940444946,79023.0,0.0,-0.7191346953082807,EGB_XGB_GAM_CYCLIC_CYCLIC,wine,2,5,42,735
46.86994338035584,87259.0,0.0,-0.7116149869326486,EGB_XGB_GAM_CYCLIC_CYCLIC,wine,3,5,42,735
37.07347536087036,73630.0,0.0,-0.7184789662505989,EGB_XGB_GAM_CYCLIC_CYCLIC,wine,4,5,42,735
32.683669328689575,54642.0,0.0,-0.71063696415955,EGB_XGB_GAM_BEST_FIT_BEST_FIT,wine,0,5,42,735
47.25406646728516,78840.0,0.0,-0.6909305151940234,EGB_XGB_GAM_BEST_FIT_BEST_FIT,wine,1,5,42,735
34.048409938812256,60944.0,0.0,-0.7232564701886259,EGB_XGB_GAM_BEST_FIT_BEST_FIT,wine,2,5,42,735
42.70046544075012,70420.0,0.0,-0.7118086820363473,EGB_XGB_GAM_BEST_FIT_BEST_FIT,wine,3,5,42,735
34.47736048698425,57136.0,0.0,-0.718139117151715,EGB_XGB_GAM_BEST_FIT_BEST_FIT,wine,4,5,42,735
392.56629371643066,245812.0,0.0,0.9326745661866797,EGB_XGB_GAM_CYCLIC_CYCLIC,adult,0,5,42,4885
442.3389859199524,266648.0,0.0,0.9283898514919584,EGB_XGB_GAM_CYCLIC_CYCLIC,adult,1,5,42,4885
415.7689399719238,249166.0,0.0,0.9352012846119844,EGB_XGB_GAM_CYCLIC_CYCLIC,adult,2,5,42,4885
413.9418189525604,252752.0,0.0,0.9275107387252556,EGB_XGB_GAM_CYCLIC_CYCLIC,adult,3,5,42,4885
387.8498079776764,249438.0,0.0,0.925431199710944,EGB_XGB_GAM_CYCLIC_CYCLIC,adult,4,5,42,4885
261.10080790519714,153839.0,0.0,0.9320420268403938,EGB_XGB_GAM_BEST_FIT_BEST_FIT,adult,0,5,42,4885
247.74931406974792,151150.0,0.0,0.9270926758408944,EGB_XGB_GAM_BEST_FIT_BEST_FIT,adult,1,5,42,4885
249.53655314445496,153866.0,0.0,0.934704469547323,EGB_XGB_GAM_BEST_FIT_BEST_FIT,adult,2,5,42,4885
251.06978821754456,152013.0,0.0,0.926687222475941,EGB_XGB_GAM_BEST_FIT_BEST_FIT,adult,3,5,42,4885
254.27373123168945,158792.0,0.0,0.92496487675685,EGB_XGB_GAM_BEST_FIT_BEST_FIT,adult,4,5,42,4885
126.627286195755,98305.0,16024.0,-0.1332908334430967,EGB_XGB_GA2M_CYCLIC_BEST_FIT,Crimes,0,5,42,300
136.29287219047546,104224.0,15715.0,-0.1424018034410393,EGB_XGB_GA2M_CYCLIC_BEST_FIT,Crimes,1,5,42,300
123.575129032135,100041.0,16253.0,-0.1377776081077849,EGB_XGB_GA2M_CYCLIC_BEST_FIT,Crimes,2,5,42,300
124.4743480682373,98657.0,18450.0,-0.1347835549912001,EGB_XGB_GA2M_CYCLIC_BEST_FIT,Crimes,3,5,42,300
143.81236290931702,106474.0,17174.0,-0.1288129179052744,EGB_XGB_GA2M_CYCLIC_BEST_FIT,Crimes,4,5,42,300
99.16052055358888,62250.0,15153.0,-0.1316026195206405,EGB_XGB_GA2M_BEST_FIT_BEST_FIT,Crimes,0,5,42,300
102.75513911247252,62105.0,18276.0,-0.1425542999412136,EGB_XGB_GA2M_BEST_FIT_BEST_FIT,Crimes,1,5,42,300
108.25060653686523,61490.0,21641.0,-0.1355058567022999,EGB_XGB_GA2M_BEST_FIT_BEST_FIT,Crimes,2,5,42,300
110.5240879058838,62173.0,21473.0,-0.132349299384249,EGB_XGB_GA2M_BEST_FIT_BEST_FIT,Crimes,3,5,42,300
118.29541635513306,68685.0,22076.0,-0.128665157166391,EGB_XGB_GA2M_BEST_FIT_BEST_FIT,Crimes,4,5,42,300
294.5410754680633,200415.0,84704.0,-3.312502868040178,EGB_XGB_GA2M_CYCLIC_CYCLIC,fico,0,5,42,1480
351.2118651866913,253751.0,89822.0,-3.3051819147883816,EGB_XGB_GA2M_CYCLIC_CYCLIC,fico,1,5,42,1480
313.3405542373657,208709.0,88955.0,-3.1581539784303225,EGB_XGB_GA2M_CYCLIC_CYCLIC,fico,2,5,42,1480
299.74215483665466,232951.0,59450.0,-3.26715273064814,EGB_XGB_GA2M_CYCLIC_CYCLIC,fico,3,5,42,1480
294.5747425556183,212110.0,80724.0,-3.1558689711504724,EGB_XGB_GA2M_CYCLIC_CYCLIC,fico,4,5,42,1480
310.4851789474488,198761.0,104721.0,-3.297246560892813,EGB_XGB_GA2M_CYCLIC_BEST_FIT,fico,0,5,42,1480
369.4061164855957,245407.0,110111.0,-3.298610276189134,EGB_XGB_GA2M_CYCLIC_BEST_FIT,fico,1,5,42,1480
306.95896100997925,211620.0,88318.0,-3.1699725480433725,EGB_XGB_GA2M_CYCLIC_BEST_FIT,fico,2,5,42,1480
312.7993528842926,220948.0,84317.0,-3.2635572903465806,EGB_XGB_GA2M_CYCLIC_BEST_FIT,fico,3,5,42,1480
299.52771162986755,214238.0,88993.0,-3.175354855795562,EGB_XGB_GA2M_CYCLIC_BEST_FIT,fico,4,5,42,1480
167.3879086971283,100706.0,59925.0,-3.3087092781399807,EGB_XGB_GA2M_BEST_FIT_BEST_FIT,fico,0,5,42,1480
228.6884388923645,122347.0,88360.0,-3.2997723090326363,EGB_XGB_GA2M_BEST_FIT_BEST_FIT,fico,1,5,42,1480
192.7038376331329,110480.0,70805.0,-3.1406495022951217,EGB_XGB_GA2M_BEST_FIT_BEST_FIT,fico,2,5,42,1480
184.045223236084,119012.0,52414.0,-3.338639611864152,EGB_XGB_GA2M_BEST_FIT_BEST_FIT,fico,3,5,42,1480
184.01422333717343,102847.0,68128.0,-3.138113611811871,EGB_XGB_GA2M_BEST_FIT_BEST_FIT,fico,4,5,42,1480
805.7109067440033,307135.0,319247.0,-0.4967319354124508,EGB_XGB_GA2M_CYCLIC_CYCLIC,california housing,0,5,42,3096
849.3884694576263,296434.0,356637.0,-0.5055356880634002,EGB_XGB_GA2M_CYCLIC_CYCLIC,california housing,1,5,42,3096
805.1217336654663,288780.0,325715.0,-0.5197760712268193,EGB_XGB_GA2M_CYCLIC_CYCLIC,california housing,2,5,42,3096
783.2800345420837,305807.0,308129.0,-0.4877159800675404,EGB_XGB_GA2M_CYCLIC_CYCLIC,california housing,3,5,42,3096
806.4038610458374,299088.0,321170.0,-0.4902265698613698,EGB_XGB_GA2M_CYCLIC_CYCLIC,california housing,4,5,42,3096
652.7657039165497,310379.0,217817.0,-0.4913131288513639,EGB_XGB_GA2M_CYCLIC_BEST_FIT,california housing,0,5,42,3096
654.3085114955902,295119.0,231813.0,-0.5014348669866859,EGB_XGB_GA2M_CYCLIC_BEST_FIT,california housing,1,5,42,3096
633.7371079921722,287119.0,213457.0,-0.5166212039216405,EGB_XGB_GA2M_CYCLIC_BEST_FIT,california housing,2,5,42,3096
647.9960472583771,306374.0,212320.0,-0.4828762752706718,EGB_XGB_GA2M_CYCLIC_BEST_FIT,california housing,3,5,42,3096
629.2091288566589,295184.0,210672.0,-0.4858311540370468,EGB_XGB_GA2M_CYCLIC_BEST_FIT,california housing,4,5,42,3096
525.0827524662018,181827.0,215195.0,-0.4875244549117828,EGB_XGB_GA2M_BEST_FIT_BEST_FIT,california housing,0,5,42,3096
487.06909012794495,172700.0,202639.0,-0.5007299504065721,EGB_XGB_GA2M_BEST_FIT_BEST_FIT,california housing,1,5,42,3096
531.1694872379303,172681.0,217336.0,-0.5137779982843799,EGB_XGB_GA2M_BEST_FIT_BEST_FIT,california housing,2,5,42,3096
528.7320685386658,180491.0,212441.0,-0.4800445938436996,EGB_XGB_GA2M_BEST_FIT_BEST_FIT,california housing,3,5,42,3096
535.5483689308167,179338.0,206687.0,-0.4832254698358505,EGB_XGB_GA2M_BEST_FIT_BEST_FIT,california housing,4,5,42,3096
39.66702437400818,42122.0,19921.0,0.74041062063451,EGB_XGB_GA2M_CYCLIC_CYCLIC,compass,0,5,42,926
36.95705032348633,44827.0,18990.0,0.7511935279038592,EGB_XGB_GA2M_CYCLIC_CYCLIC,compass,1,5,42,926
33.50975060462952,37213.0,18871.0,0.7466498906422709,EGB_XGB_GA2M_CYCLIC_CYCLIC,compass,2,5,42,926
35.244930267333984,48694.0,17592.0,0.7383010747630582,EGB_XGB_GA2M_CYCLIC_CYCLIC,compass,3,5,42,926
29.6694974899292,39605.0,15545.0,0.749591966322523,EGB_XGB_GA2M_CYCLIC_CYCLIC,compass,4,5,42,926
34.89951133728027,40570.0,12647.0,0.7385480115707532,EGB_XGB_GA2M_CYCLIC_BEST_FIT,compass,0,5,42,926
37.61680030822754,44862.0,14577.0,0.7506432115895675,EGB_XGB_GA2M_CYCLIC_BEST_FIT,compass,1,5,42,926
31.35832452774048,36099.0,15019.0,0.7475388631499729,EGB_XGB_GA2M_CYCLIC_BEST_FIT,compass,2,5,42,926
32.1341667175293,45736.0,11109.0,0.7366313115872156,EGB_XGB_GA2M_CYCLIC_BEST_FIT,compass,3,5,42,926
34.73001742362976,41679.0,15313.0,0.7499729545401096,EGB_XGB_GA2M_CYCLIC_BEST_FIT,compass,4,5,42,926
21.53527545928955,17767.0,14345.0,0.7402483478751676,EGB_XGB_GA2M_BEST_FIT_BEST_FIT,compass,0,5,42,926
13.937322616577148,14545.0,9245.0,0.7517414924390301,EGB_XGB_GA2M_BEST_FIT_BEST_FIT,compass,1,5,42,926
17.99333095550537,13027.0,11585.0,0.7498012746642835,EGB_XGB_GA2M_BEST_FIT_BEST_FIT,compass,2,5,42,926
14.701555252075195,15445.0,9570.0,0.7380706004092097,EGB_XGB_GA2M_BEST_FIT_BEST_FIT,compass,3,5,42,926
18.65297794342041,15217.0,12505.0,0.7516050892500176,EGB_XGB_GA2M_BEST_FIT_BEST_FIT,compass,4,5,42,926
109.4808132648468,77243.0,21440.0,0.8257519930327595,EGB_XGB_GA2M_CYCLIC_CYCLIC,support2,0,5,42,1366
94.84662294387816,64097.0,21507.0,0.8495260266630936,EGB_XGB_GA2M_CYCLIC_CYCLIC,support2,1,5,42,1366
108.66032385826112,73564.0,19827.0,0.8119431231995712,EGB_XGB_GA2M_CYCLIC_CYCLIC,support2,2,5,42,1366
111.5608274936676,74239.0,21320.0,0.8266173153792903,EGB_XGB_GA2M_CYCLIC_CYCLIC,support2,3,5,42,1366
100.0976176261902,66770.0,26649.0,0.8052103570710794,EGB_XGB_GA2M_CYCLIC_CYCLIC,support2,4,5,42,1366
50.2493953704834,33583.0,63807.0,-0.0434095003700419,EGB_XGB_GA2M_CYCLIC_CYCLIC,synthetic_corr,0,5,42,150
64.12989687919617,31897.0,77789.0,-0.0425949604380149,EGB_XGB_GA2M_CYCLIC_CYCLIC,synthetic_corr,1,5,42,150
65.81539535522461,36034.0,79838.0,-0.0361914632957999,EGB_XGB_GA2M_CYCLIC_CYCLIC,synthetic_corr,2,5,42,150
65.82285475730896,35359.0,84238.0,-0.0321209312764513,EGB_XGB_GA2M_CYCLIC_CYCLIC,synthetic_corr,3,5,42,150
49.615864753723145,32621.0,59677.0,-0.035951117776518,EGB_XGB_GA2M_CYCLIC_CYCLIC,synthetic_corr,4,5,42,150
37.45565271377564,33583.0,32593.0,-0.0418790921961152,EGB_XGB_GA2M_CYCLIC_BEST_FIT,synthetic_corr,0,5,42,150
46.62837553024292,31897.0,44292.0,-0.0412672505399592,EGB_XGB_GA2M_CYCLIC_BEST_FIT,synthetic_corr,1,5,42,150
42.322348833084106,36034.0,44795.0,-0.032741683400388,EGB_XGB_GA2M_CYCLIC_BEST_FIT,synthetic_corr,2,5,42,150
43.04890394210816,35359.0,47993.0,-0.0275645513235015,EGB_XGB_GA2M_CYCLIC_BEST_FIT,synthetic_corr,3,5,42,150
28.536084175109863,32621.0,26677.0,-0.0348430594428931,EGB_XGB_GA2M_CYCLIC_BEST_FIT,synthetic_corr,4,5,42,150
33.309070110321045,30319.0,34309.0,-0.0449506346264536,EGB_XGB_GA2M_BEST_FIT_BEST_FIT,synthetic_corr,0,5,42,150
39.99472069740296,28745.0,40250.0,-0.0457577466396275,EGB_XGB_GA2M_BEST_FIT_BEST_FIT,synthetic_corr,1,5,42,150
41.78152823448181,34510.0,42501.0,-0.0367500187801271,EGB_XGB_GA2M_BEST_FIT_BEST_FIT,synthetic_corr,2,5,42,150
43.83149003982544,32847.0,48250.0,-0.0295933996186815,EGB_XGB_GA2M_BEST_FIT_BEST_FIT,synthetic_corr,3,5,42,150
26.769535541534424,27748.0,25805.0,-0.0391715446161111,EGB_XGB_GA2M_BEST_FIT_BEST_FIT,synthetic_corr,4,5,42,150
44.98898673057556,62988.0,48235.0,0.9953703703703703,EGB_XGB_GA2M_CYCLIC_CYCLIC,breast,0,5,42,86
72.28732872009277,175343.0,8010.0,0.991898148148148,EGB_XGB_GA2M_CYCLIC_CYCLIC,breast,1,5,42,86
63.01742839813232,112593.0,49336.0,0.9976851851851852,EGB_XGB_GA2M_CYCLIC_CYCLIC,breast,2,5,42,86
51.07057976722717,101397.0,24199.0,0.9866898148148148,EGB_XGB_GA2M_CYCLIC_CYCLIC,breast,3,5,42,86
68.93478775024414,112295.0,31327.0,0.9988425925925926,EGB_XGB_GA2M_CYCLIC_CYCLIC,breast,4,5,42,86
41.79794478416443,64580.0,19060.0,0.9953703703703703,EGB_XGB_GA2M_CYCLIC_BEST_FIT,breast,0,5,42,86
72.94900345802307,175164.0,22788.0,0.991898148148148,EGB_XGB_GA2M_CYCLIC_BEST_FIT,breast,1,5,42,86
61.451003074646,109914.0,49863.0,0.9976851851851852,EGB_XGB_GA2M_CYCLIC_BEST_FIT,breast,2,5,42,86
50.612295389175415,103973.0,25034.0,0.9866898148148148,EGB_XGB_GA2M_CYCLIC_BEST_FIT,breast,3,5,42,86
63.21718597412109,107813.0,25827.0,0.9988425925925926,EGB_XGB_GA2M_CYCLIC_BEST_FIT,breast,4,5,42,86
19.17037844657898,28689.0,10705.0,0.9936342592592592,EGB_XGB_GA2M_BEST_FIT_BEST_FIT,breast,0,5,42,86
41.10277771949768,94425.0,8637.0,0.988425925925926,EGB_XGB_GA2M_BEST_FIT_BEST_FIT,breast,1,5,42,86
43.842162132263184,76556.0,14054.0,0.9953703703703703,EGB_XGB_GA2M_BEST_FIT_BEST_FIT,breast,2,5,42,86
29.729076862335205,59063.0,10097.0,0.9832175925925926,EGB_XGB_GA2M_BEST_FIT_BEST_FIT,breast,3,5,42,86
34.902559995651245,70211.0,9062.0,0.9976851851851852,EGB_XGB_GA2M_BEST_FIT_BEST_FIT,breast,4,5,42,86
133.00454807281494,96090.0,17466.0,-0.1335908036713243,EGB_XGB_GA2M_CYCLIC_CYCLIC,Crimes,0,5,42,300
135.47093868255615,102612.0,17596.0,-0.1433021503624292,EGB_XGB_GA2M_CYCLIC_CYCLIC,Crimes,1,5,42,300
133.45775246620178,101709.0,14828.0,-0.1369386069037056,EGB_XGB_GA2M_CYCLIC_CYCLIC,Crimes,2,5,42,300
142.6845190525055,102477.0,21947.0,-0.1348595270136567,EGB_XGB_GA2M_CYCLIC_CYCLIC,Crimes,3,5,42,300
151.66085863113403,105493.0,21012.0,-0.129072895034575,EGB_XGB_GA2M_CYCLIC_CYCLIC,Crimes,4,5,42,300
12.239140033721924,30319.0,0.0,-0.098584401789035,EGB_XGB_GAM_BEST_FIT_BEST_FIT,synthetic_corr,0,5,42,150
16.845717191696167,28745.0,0.0,-0.0950129387365291,EGB_XGB_GAM_BEST_FIT_BEST_FIT,synthetic_corr,1,5,42,150
13.647814512252808,34510.0,0.0,-0.0962094555039855,EGB_XGB_GAM_BEST_FIT_BEST_FIT,synthetic_corr,2,5,42,150
12.72492003440857,32847.0,0.0,-0.0824792886597812,EGB_XGB_GAM_BEST_FIT_BEST_FIT,synthetic_corr,3,5,42,150
10.893978357315063,27748.0,0.0,-0.0911078105575784,EGB_XGB_GAM_BEST_FIT_BEST_FIT,synthetic_corr,4,5,42,150
12.818955898284912,33583.0,0.0,-0.0964235081776499,EGB_XGB_GAM_CYCLIC_CYCLIC,synthetic_corr,0,5,42,150
11.426894426345823,31897.0,0.0,-0.0919350441873094,EGB_XGB_GAM_CYCLIC_CYCLIC,synthetic_corr,1,5,42,150
13.867934226989746,36034.0,0.0,-0.0943385864844208,EGB_XGB_GAM_CYCLIC_CYCLIC,synthetic_corr,2,5,42,150
12.550868272781372,35359.0,0.0,-0.0807645491547468,EGB_XGB_GAM_CYCLIC_CYCLIC,synthetic_corr,3,5,42,150
11.549941778182983,32621.0,0.0,-0.0869203165047349,EGB_XGB_GAM_CYCLIC_CYCLIC,synthetic_corr,4,5,42,150
2.881941556930542,100950.0,0.0,0.994212962962963,EBM_GAM,breast,0,5,42,86
3.5075550079345703,104610.0,0.0,0.991898148148148,EBM_GAM,breast,1,5,42,86
1.310671329498291,48300.0,0.0,0.9965277777777778,EBM_GAM,breast,2,5,42,86
1.31697678565979,54570.0,0.0,0.984375,EBM_GAM,breast,3,5,42,86
0.9155101776123048,50370.0,0.0,0.9994212962962964,EBM_GAM,breast,4,5,42,86
1.6765365600585938,90200.0,0.0,-0.133325111675165,EBM_GAM,Crimes,0,5,42,300
1.3906216621398926,81200.0,0.0,-0.1428091467010669,EBM_GAM,Crimes,1,5,42,300
1.748326539993286,101400.0,0.0,-0.1386232679950176,EBM_GAM,Crimes,2,5,42,300
1.5426068305969238,86600.0,0.0,-0.1380700334458272,EBM_GAM,Crimes,3,5,42,300
1.4975323677062988,84900.0,0.0,-0.1299783235359895,EBM_GAM,Crimes,4,5,42,300
0.4562399387359619,25300.0,0.0,-0.099278117007053,EBM_GAM,synthetic_corr,0,5,42,150
0.4932270050048828,27505.0,0.0,-0.0921349870657568,EBM_GAM,synthetic_corr,1,5,42,150
0.5112645626068115,26240.0,0.0,-0.0946633369585919,EBM_GAM,synthetic_corr,2,5,42,150
0.5232851505279541,28385.0,0.0,-0.0824918621495001,EBM_GAM,synthetic_corr,3,5,42,150
0.5247368812561035,27980.0,0.0,-0.0897316418172354,EBM_GAM,synthetic_corr,4,5,42,150
7.777908563613892,212256.0,0.0,-3.635162931632634,EBM_GAM,fico,0,5,42,1480
9.156026363372805,239952.0,0.0,-3.522990464729433,EBM_GAM,fico,1,5,42,1480
8.622970342636108,204048.0,0.0,-3.4035453440553054,EBM_GAM,fico,2,5,42,1480
8.579304695129395,209976.0,0.0,-3.558464026698609,EBM_GAM,fico,3,5,42,1480
7.660649061203003,205536.0,0.0,-3.4375826030885546,EBM_GAM,fico,4,5,42,1480
27.7592453956604,355288.0,0.0,-0.5697615585647388,EBM_GAM,california housing,0,5,42,3096
24.52190852165222,331856.0,0.0,-0.5703445616107172,EBM_GAM,california housing,1,5,42,3096
24.92542576789856,324512.0,0.0,-0.5852763287652895,EBM_GAM,california housing,2,5,42,3096
27.29202032089233,362224.0,0.0,-0.5591358747448759,EBM_GAM,california housing,3,5,42,3096
24.921995162963867,334520.0,0.0,-0.5576555141778806,EBM_GAM,california housing,4,5,42,3096
2.0182254314422607,127304.0,0.0,-5.186905507076327,EBM_GAM,concrete,0,5,42,155
1.915034532546997,120176.0,0.0,-4.869441271589012,EBM_GAM,concrete,1,5,42,155
1.922821283340454,124672.0,0.0,-4.661159225116129,EBM_GAM,concrete,2,5,42,155
1.7035107612609863,110032.0,0.0,-5.026242839639982,EBM_GAM,concrete,3,5,42,155
1.6709163188934326,99872.0,0.0,-4.63830060259611,EBM_GAM,concrete,4,5,42,155
1.578641653060913,41503.0,0.0,0.7371510547729356,EBM_GAM,compass,0,5,42,926
1.4251987934112549,40073.0,0.0,0.750158745090661,EBM_GAM,compass,1,5,42,926
1.8028826713562007,48015.0,0.0,0.7448155029279651,EBM_GAM,compass,2,5,42,926
1.3618016242980957,35992.0,0.0,0.7349850662025822,EBM_GAM,compass,3,5,42,926
1.4564030170440674,36718.0,0.0,0.7484584087862469,EBM_GAM,compass,4,5,42,926
3.333432912826538,59189.0,0.0,0.8201720595788392,EBM_GAM,support2,0,5,42,1366
3.1819076538085938,57826.0,0.0,0.8406522855675397,EBM_GAM,support2,1,5,42,1366
2.9495961666107178,52287.0,0.0,0.8027288358902213,EBM_GAM,support2,2,5,42,1366
3.0794670581817627,53592.0,0.0,0.8214393381121459,EBM_GAM,support2,3,5,42,1366
3.5428836345672607,62814.0,0.0,0.8033401442576094,EBM_GAM,support2,4,5,42,1366
14.409595251083374,253608.0,0.0,-98.21790720288251,EBM_GAM,bike,0,5,42,2607
11.420403242111206,190632.0,0.0,-97.50316613987268,EBM_GAM,bike,1,5,42,2607
13.015864610671995,224940.0,0.0,-96.91479730522468,EBM_GAM,bike,2,5,42,2607
18.62606453895569,300084.0,0.0,-99.26921578516564,EBM_GAM,bike,3,5,42,2607
16.574856281280518,253848.0,0.0,-96.23094689697572,EBM_GAM,bike,4,5,42,2607
1.874260663986206,55480.0,0.0,0.8375967741935484,EBM_GAM,churn,0,5,42,1055
1.766331911087036,47329.0,0.0,0.830274193548387,EBM_GAM,churn,1,5,42,1055
1.969524621963501,50255.0,0.0,0.8321059907834103,EBM_GAM,churn,2,5,42,1055
2.0747084617614746,49058.0,0.0,0.8576912442396314,EBM_GAM,churn,3,5,42,1055
2.0257680416107178,48887.0,0.0,0.8547142857142856,EBM_GAM,churn,4,5,42,1055
1.352583408355713,56452.0,0.0,-0.7083943963361251,EBM_GAM,wine,0,5,42,735
1.7489492893218994,67375.0,0.0,-0.6922314970972577,EBM_GAM,wine,1,5,42,735
1.941114902496338,75108.0,0.0,-0.7209242203733432,EBM_GAM,wine,2,5,42,735
1.9255492687225344,69069.0,0.0,-0.7150200318889701,EBM_GAM,wine,3,5,42,735
1.29083251953125,52756.0,0.0,-0.7214602155680655,EBM_GAM,wine,4,5,42,735
37.8160297870636,220458.0,0.0,0.9328639382417836,EBM_GAM,adult,0,5,42,4885
41.271533489227295,235592.0,0.0,0.928537956029001,EBM_GAM,adult,1,5,42,4885
37.78585457801819,213178.0,0.0,0.935281527008215,EBM_GAM,adult,2,5,42,4885
38.4800124168396,211400.0,0.0,0.9269935191655524,EBM_GAM,adult,3,5,42,4885
41.246829986572266,236054.0,0.0,0.9255948941992542,EBM_GAM,adult,4,5,42,4885
7.651642084121704,100950.0,17216.0,0.994212962962963,EBM_GA2M,breast,0,5,42,86
7.016303062438965,104610.0,12912.0,0.9930555555555556,EBM_GA2M,breast,1,5,42,86
4.568584442138672,48300.0,15232.0,0.992476851851852,EBM_GA2M,breast,2,5,42,86
6.556262254714966,54570.0,18240.0,0.9872685185185184,EBM_GA2M,breast,3,5,42,86
4.195638656616211,50370.0,13472.0,1.0,EBM_GA2M,breast,4,5,42,86
7.197505950927734,90200.0,15584.0,-0.1350367330717466,EBM_GA2M,Crimes,0,5,42,300
6.069782972335815,81200.0,14288.0,-0.1437860529816546,EBM_GA2M,Crimes,1,5,42,300
10.99041986465454,101400.0,26368.0,-0.1383216469153035,EBM_GA2M,Crimes,2,5,42,300
7.105794429779053,86600.0,17504.0,-0.1358146803935236,EBM_GA2M,Crimes,3,5,42,300
8.630879878997803,84900.0,22912.0,-0.131076314313965,EBM_GA2M,Crimes,4,5,42,300
10.471239805221558,25300.0,38990.0,-0.0475444424073622,EBM_GA2M,synthetic_corr,0,5,42,150
9.733844995498655,27505.0,37870.0,-0.0420440832795596,EBM_GA2M,synthetic_corr,1,5,42,150
10.282593727111816,26240.0,36880.0,-0.037975883909261,EBM_GA2M,synthetic_corr,2,5,42,150
10.540155172348022,28385.0,39780.0,-0.0343268444435058,EBM_GA2M,synthetic_corr,3,5,42,150
10.142241716384888,27980.0,38450.0,-0.0358707120014402,EBM_GA2M,synthetic_corr,4,5,42,150
14.472140312194824,212256.0,78656.0,-3.345732533543663,EBM_GA2M,fico,0,5,42,1480
13.621865034103394,239952.0,52432.0,-3.31657636188826,EBM_GA2M,fico,1,5,42,1480
12.132392406463625,204048.0,41712.0,-3.167302443303196,EBM_GA2M,fico,2,5,42,1480
16.034748792648315,209976.0,93968.0,-3.2398993036164976,EBM_GA2M,fico,3,5,42,1480
12.805305480957031,205536.0,57552.0,-3.180968787076467,EBM_GA2M,fico,4,5,42,1480
152.39004683494568,355288.0,396288.0,-0.5014458303675134,EBM_GA2M,california housing,0,5,42,3096
134.39932084083557,331856.0,373216.0,-0.5102929254983812,EBM_GA2M,california housing,1,5,42,3096
150.21411323547363,324512.0,411936.0,-0.5205834493816804,EBM_GA2M,california housing,2,5,42,3096
165.97936177253723,362224.0,428912.0,-0.4902690306627427,EBM_GA2M,california housing,3,5,42,3096
134.2286250591278,334520.0,383520.0,-0.4983707029866622,EBM_GA2M,california housing,4,5,42,3096
28.401191234588623,127304.0,134416.0,-4.13540088288086,EBM_GA2M,concrete,0,5,42,155
25.69281268119812,120176.0,132608.0,-4.03898804781677,EBM_GA2M,concrete,1,5,42,155
27.25380635261536,124672.0,130544.0,-3.493574342395948,EBM_GA2M,concrete,2,5,42,155
45.79644727706909,110032.0,244496.0,-4.15483825089554,EBM_GA2M,concrete,3,5,42,155
41.3348023891449,99872.0,208912.0,-3.6750414754881366,EBM_GA2M,concrete,4,5,42,155
2.1983559131622314,41503.0,13824.0,0.7402083676301121,EBM_GA2M,compass,0,5,42,926
2.15714693069458,40073.0,14976.0,0.7533148326709156,EBM_GA2M,compass,1,5,42,926
2.5241940021514893,48015.0,15856.0,0.7427130123938759,EBM_GA2M,compass,2,5,42,926
2.148757219314575,35992.0,17328.0,0.7392653042026293,EBM_GA2M,compass,3,5,42,926
2.2523438930511475,36718.0,15936.0,0.7495355236236213,EBM_GA2M,compass,4,5,42,926
8.108641862869263,59189.0,18016.0,0.8305587190996182,EBM_GA2M,support2,0,5,42,1366
6.995165109634399,57826.0,14992.0,0.8481805899823586,EBM_GA2M,support2,1,5,42,1366
8.137751340866089,52287.0,19728.0,0.8133723007525513,EBM_GA2M,support2,2,5,42,1366
6.81888747215271,53592.0,15808.0,0.8281804783278623,EBM_GA2M,support2,3,5,42,1366
8.02559757232666,62814.0,17632.0,0.8126158415399389,EBM_GA2M,support2,4,5,42,1366
155.2503309249878,253608.0,1240672.0,-52.02162838718911,EBM_GA2M,bike,0,5,42,2607
168.78308010101318,190632.0,1200400.0,-50.014835241436415,EBM_GA2M,bike,1,5,42,2607
171.91077280044556,224940.0,1166784.0,-49.36074804929681,EBM_GA2M,bike,2,5,42,2607
198.9032888412476,300084.0,1346736.0,-52.42078758853598,EBM_GA2M,bike,3,5,42,2607
157.15553379058838,253848.0,1078512.0,-49.99480490836541,EBM_GA2M,bike,4,5,42,2607
3.363200187683105,55480.0,14400.0,0.838831797235023,EBM_GA2M,churn,0,5,42,1055
3.057534456253052,47329.0,11728.0,0.8297073732718894,EBM_GA2M,churn,1,5,42,1055
3.2916243076324463,50255.0,11936.0,0.8326313364055299,EBM_GA2M,churn,2,5,42,1055
3.5945041179656982,49058.0,14928.0,0.856573732718894,EBM_GA2M,churn,3,5,42,1055
3.417866468429565,48887.0,13200.0,0.855110599078341,EBM_GA2M,churn,4,5,42,1055
20.057563304901123,56452.0,57712.0,-0.6766589755355663,EBM_GA2M,wine,0,5,42,735
12.834038496017456,67375.0,45568.0,-0.6768921432717298,EBM_GA2M,wine,1,5,42,735
13.504931688308716,75108.0,38560.0,-0.700131481160005,EBM_GA2M,wine,2,5,42,735
10.8182692527771,69069.0,35040.0,-0.6914675289080805,EBM_GA2M,wine,3,5,42,735
16.209627151489258,52756.0,48096.0,-0.7026525680790793,EBM_GA2M,wine,4,5,42,735
46.45515727996826,220458.0,34096.0,0.9333318660438022,EBM_GA2M,adult,0,5,42,4885
49.92871427536011,235592.0,28784.0,0.9291989241099512,EBM_GA2M,adult,1,5,42,4885
47.5251727104187,213178.0,33808.0,0.9361593788229772,EBM_GA2M,adult,2,5,42,4885
48.030314683914185,211400.0,29808.0,0.928211598740332,EBM_GA2M,adult,3,5,42,4885
50.432085037231445,236054.0,35008.0,0.926548173866473,EBM_GA2M,adult,4,5,42,4885
233.14970922470093,0.0,0.0,0.9878472222222222,Spline,breast,0,5,42,86
187.73003721237183,0.0,0.0,0.9751157407407408,Spline,breast,1,5,42,86
221.7652313709259,0.0,0.0,0.990162037037037,Spline,breast,2,5,42,86
196.438129901886,0.0,0.0,0.9675925925925926,Spline,breast,3,5,42,86
175.1217167377472,0.0,0.0,0.9930555555555556,Spline,breast,4,5,42,86
0.0528821945190429,0.0,0.0,0.9930555555555556,XGB,breast,0,5,42,86
0.0806367397308349,0.0,0.0,0.9965277777777778,XGB,breast,1,5,42,86
0.0511305332183837,0.0,0.0,0.9982638888888888,XGB,breast,2,5,42,86
0.0821592807769775,0.0,0.0,0.984375,XGB,breast,3,5,42,86
0.0471048355102539,0.0,0.0,0.9982638888888888,XGB,breast,4,5,42,86
0.0476493835449218,0.0,0.0,-2.992597373298534,XGB,student,0,5,42,98
0.0466017723083496,0.0,0.0,-2.5057407433513657,XGB,student,1,5,42,98
0.0438694953918457,0.0,0.0,-3.066954694596859,XGB,student,2,5,42,98
0.0612509250640869,0.0,0.0,-3.198702192256979,XGB,student,3,5,42,98
0.0459771156311035,0.0,0.0,-3.313072465580434,XGB,student,4,5,42,98
0.2534432411193847,0.0,0.0,-0.137510677952882,XGB,Crimes,0,5,42,300
0.19338059425354,0.0,0.0,-0.1436306318643406,XGB,Crimes,1,5,42,300
0.1582894325256347,0.0,0.0,-0.1416385175059848,XGB,Crimes,2,5,42,300
0.193934679031372,0.0,0.0,-0.1358180111196931,XGB,Crimes,3,5,42,300
0.2161610126495361,0.0,0.0,-0.140525115637921,XGB,Crimes,4,5,42,300
0.145106554031372,0.0,0.0,-0.0502117287374562,XGB,synthetic_corr,0,5,42,150
0.0944283008575439,0.0,0.0,-0.0465507451478142,XGB,synthetic_corr,1,5,42,150
0.1852967739105224,0.0,0.0,-0.041544891156165,XGB,synthetic_corr,2,5,42,150
0.1800100803375244,0.0,0.0,-0.0431223496492577,XGB,synthetic_corr,3,5,42,150
0.1379752159118652,0.0,0.0,-0.0483776020589182,XGB,synthetic_corr,4,5,42,150
0.2714607715606689,0.0,0.0,-3.273568791255878,XGB,fico,0,5,42,1480
0.2084317207336425,0.0,0.0,-3.245496054189963,XGB,fico,1,5,42,1480
0.2725684642791748,0.0,0.0,-3.163104105602313,XGB,fico,2,5,42,1480
0.233497142791748,0.0,0.0,-3.232334821808536,XGB,fico,3,5,42,1480
0.201317548751831,0.0,0.0,-3.181338743864554,XGB,fico,4,5,42,1480
0.8699088096618652,0.0,0.0,-0.4639800527106599,XGB,california housing,0,5,42,3096
0.7978310585021973,0.0,0.0,-0.4816120365411198,XGB,california housing,1,5,42,3096
0.7023093700408936,0.0,0.0,-0.4764471732698347,XGB,california housing,2,5,42,3096
0.6722779273986816,0.0,0.0,-0.4538845479617672,XGB,california housing,3,5,42,3096
1.2352752685546875,0.0,0.0,-0.4489423721682224,XGB,california housing,4,5,42,3096
0.2772231101989746,0.0,0.0,-4.315440874048471,XGB,concrete,0,5,42,155
0.1344630718231201,0.0,0.0,-4.223601253026389,XGB,concrete,1,5,42,155
0.0972425937652587,0.0,0.0,-4.0499841737150994,XGB,concrete,2,5,42,155
0.1450295448303222,0.0,0.0,-4.826233036578374,XGB,concrete,3,5,42,155
0.2332794666290283,0.0,0.0,-4.253340025981061,XGB,concrete,4,5,42,155
0.069314956665039,0.0,0.0,0.7327673384915688,XGB,compass,0,5,42,926
0.1271429061889648,0.0,0.0,0.7476047129653582,XGB,compass,1,5,42,926
0.0718386173248291,0.0,0.0,0.738032971943275,XGB,compass,2,5,42,926
0.0433225631713867,0.0,0.0,0.7312198678300135,XGB,compass,3,5,42,926
0.041356086730957,0.0,0.0,0.7417088027092495,XGB,compass,4,5,42,926
0.1585500240325927,0.0,0.0,0.8222041714119828,XGB,support2,0,5,42,1366
0.1380324363708496,0.0,0.0,0.8402140416694579,XGB,support2,1,5,42,1366
0.1417031288146972,0.0,0.0,0.8088447109265089,XGB,support2,2,5,42,1366
0.2749807834625244,0.0,0.0,0.825322123221902,XGB,support2,3,5,42,1366
0.1557941436767578,0.0,0.0,0.8099556731649584,XGB,support2,4,5,42,1366
0.0302534103393554,0.0,0.0,0.780952380952381,XGB,heart,0,5,42,46
0.0472290515899658,0.0,0.0,0.8133333333333334,XGB,heart,1,5,42,46
0.037564992904663,0.0,0.0,0.8609523809523809,XGB,heart,2,5,42,46
0.0294647216796875,0.0,0.0,0.8571428571428571,XGB,heart,3,5,42,46
0.0305454730987548,0.0,0.0,0.7961904761904762,XGB,heart,4,5,42,46
2.972987413406372,0.0,0.0,-40.16653432365113,XGB,bike,0,5,42,2607
0.882657527923584,0.0,0.0,-37.547345251600646,XGB,bike,1,5,42,2607
0.3842635154724121,0.0,0.0,-37.9115460804598,XGB,bike,2,5,42,2607
0.866004467010498,0.0,0.0,-42.17454896563222,XGB,bike,3,5,42,2607
0.5293102264404297,0.0,0.0,-39.147292338262105,XGB,bike,4,5,42,2607
0.0931158065795898,0.0,0.0,0.8274861751152074,XGB,churn,0,5,42,1055
0.1061728000640869,0.0,0.0,0.8148870967741935,XGB,churn,1,5,42,1055
0.0969073772430419,0.0,0.0,0.8285437788018433,XGB,churn,2,5,42,1055
0.0959944725036621,0.0,0.0,0.8490691244239632,XGB,churn,3,5,42,1055
0.137253999710083,0.0,0.0,0.8425668202764978,XGB,churn,4,5,42,1055
0.2121863365173339,0.0,0.0,-0.6314248685106679,XGB,wine,0,5,42,735
0.1865437030792236,0.0,0.0,-0.653832228047626,XGB,wine,1,5,42,735
0.4830970764160156,0.0,0.0,-0.6543368678838708,XGB,wine,2,5,42,735
0.321199893951416,0.0,0.0,-0.6486023042888537,XGB,wine,3,5,42,735
0.1709847450256347,0.0,0.0,-0.67338929079999,XGB,wine,4,5,42,735
0.7147140502929688,0.0,0.0,0.9329399392542134,XGB,adult,0,5,42,4885
0.4642157554626465,0.0,0.0,0.929895313477238,XGB,adult,1,5,42,4885
0.5025572776794434,0.0,0.0,0.935483393950732,XGB,adult,2,5,42,4885
0.6169781684875488,0.0,0.0,0.9294190175396122,XGB,adult,3,5,42,4885
0.4709863662719726,0.0,0.0,0.9257267209930614,XGB,adult,4,5,42,4885
552.1041457653046,0.0,0.0,-0.1437519572222547,Spline,Crimes,0,5,42,300
543.7806537151337,0.0,0.0,-0.1485123701324205,Spline,Crimes,1,5,42,300
546.5843617916107,0.0,0.0,-0.1499307965883607,Spline,Crimes,2,5,42,300
563.2212100028992,0.0,0.0,-0.1450978156238069,Spline,Crimes,3,5,42,300
576.0191402435303,0.0,0.0,-0.1398887016555827,Spline,Crimes,4,5,42,300
2.0202178955078125,0.0,0.0,-0.1108683027241275,Spline,synthetic_corr,0,5,42,150
2.1402087211608887,0.0,0.0,-0.1043862131669445,Spline,synthetic_corr,1,5,42,150
1.830439567565918,0.0,0.0,-0.1008683297690668,Spline,synthetic_corr,2,5,42,150
1.920320749282837,0.0,0.0,-0.089846298266428,Spline,synthetic_corr,3,5,42,150
2.05847716331482,0.0,0.0,-0.1020977599441521,Spline,synthetic_corr,4,5,42,150
22.20067429542541,0.0,0.0,-3.60742368749236,Spline,fico,0,5,42,1480
22.153923988342285,0.0,0.0,-3.537448269347357,Spline,fico,1,5,42,1480
22.17586636543274,0.0,0.0,-3.3907431002690536,Spline,fico,2,5,42,1480
22.15754127502441,0.0,0.0,-3.5750541250087746,Spline,fico,3,5,42,1480
21.459513902664185,0.0,0.0,-3.4334859072163946,Spline,fico,4,5,42,1480
3.3676178455352783,0.0,0.0,-2.7626534915226912,Spline,student,0,5,42,98
3.53216290473938,0.0,0.0,-2.621070968407122,Spline,student,1,5,42,98
3.9792540073394775,0.0,0.0,-2.904053093807001,Spline,student,2,5,42,98
4.385676860809326,0.0,0.0,-2.956199305661844,Spline,student,3,5,42,98
4.453370571136475,0.0,0.0,-2.988656330179103,Spline,student,4,5,42,98
11.6308913230896,0.0,0.0,-0.6047546535787507,Spline,california housing,0,5,42,3096
10.258336782455444,0.0,0.0,-0.5994146948746193,Spline,california housing,1,5,42,3096
10.302903652191162,0.0,0.0,-0.6094052509834327,Spline,california housing,2,5,42,3096
10.21894598007202,0.0,0.0,-0.5899012343572874,Spline,california housing,3,5,42,3096
11.01120376586914,0.0,0.0,-0.5899583631981578,Spline,california housing,4,5,42,3096
2.282479047775269,0.0,0.0,-5.330223345357396,Spline,concrete,0,5,42,155
2.509352207183838,0.0,0.0,-5.129764646906928,Spline,concrete,1,5,42,155
2.4277477264404297,0.0,0.0,-5.1169665306881,Spline,concrete,2,5,42,155
2.510831356048584,0.0,0.0,-5.211070195438478,Spline,concrete,3,5,42,155
2.6572539806365967,0.0,0.0,-4.888377852254508,Spline,concrete,4,5,42,155
1.8302640914916992,0.0,0.0,0.7397239011312057,Spline,compass,0,5,42,926
1.865994930267334,0.0,0.0,0.7510100891324287,Spline,compass,1,5,42,926
1.9157826900482176,0.0,0.0,0.7465040803367746,Spline,compass,2,5,42,926
1.4092214107513428,0.0,0.0,0.7367300863102937,Spline,compass,3,5,42,926
2.1537387371063232,0.0,0.0,0.7519954845840879,Spline,compass,4,5,42,926
45.415454626083374,0.0,0.0,0.8164790871128381,Spline,support2,0,5,42,1366
124.24823927879332,0.0,0.0,0.8365741050892119,Spline,support2,1,5,42,1366
80.17467188835144,0.0,0.0,0.8019751680400169,Spline,support2,2,5,42,1366
78.41116285324097,0.0,0.0,0.8242809450436569,Spline,support2,3,5,42,1366
44.55268454551697,0.0,0.0,0.8060924275920591,Spline,support2,4,5,42,1366
2.5243310928344727,0.0,0.0,0.8323809523809523,Spline,heart,0,5,42,46
2.905484676361084,0.0,0.0,0.8323809523809523,Spline,heart,1,5,42,46
3.0054354667663574,0.0,0.0,0.9028571428571428,Spline,heart,2,5,42,46
2.94355583190918,0.0,0.0,0.9028571428571428,Spline,heart,3,5,42,46
2.9324963092803955,0.0,0.0,0.822857142857143,Spline,heart,4,5,42,46
10.052756547927856,0.0,0.0,-98.26468393667918,Spline,bike,0,5,42,2607
9.124552726745604,0.0,0.0,-97.47833911140852,Spline,bike,1,5,42,2607
9.14418911933899,0.0,0.0,-96.66387101738246,Spline,bike,2,5,42,2607
9.149550914764404,0.0,0.0,-99.4036683294116,Spline,bike,3,5,42,2607
9.121715784072876,0.0,0.0,-96.27674503306612,Spline,bike,4,5,42,2607
3.759983539581299,0.0,0.0,0.8409861751152075,Spline,churn,0,5,42,1055
4.072598218917847,0.0,0.0,0.8342972350230414,Spline,churn,1,5,42,1055
4.233936786651611,0.0,0.0,0.8359354838709678,Spline,churn,2,5,42,1055
4.467055320739746,0.0,0.0,0.8574654377880183,Spline,churn,3,5,42,1055
4.240279674530029,0.0,0.0,0.855004608294931,Spline,churn,4,5,42,1055
5.552737712860107,0.0,0.0,-0.7894065949634081,Spline,wine,0,5,42,735
5.131865501403809,0.0,0.0,-0.7073697934939774,Spline,wine,1,5,42,735
5.039795637130737,0.0,0.0,-0.7382175032940083,Spline,wine,2,5,42,735
5.041208982467651,0.0,0.0,-0.7559655456741551,Spline,wine,3,5,42,735
4.740295171737671,0.0,0.0,-0.7289975978812768,Spline,wine,4,5,42,735
46.818270683288574,0.0,0.0,0.923962534595936,Spline,adult,0,5,42,4885
46.10965752601624,0.0,0.0,0.9191239181032348,Spline,adult,1,5,42,4885
49.19331073760986,0.0,0.0,0.924977944804236,Spline,adult,2,5,42,4885
47.07942867279053,0.0,0.0,0.9177698849828416,Spline,adult,3,5,42,4885
46.09978222846985,0.0,0.0,0.9176444775807332,Spline,adult,4,5,42,4885
