d_name,model_name,fit_time_mean,fit_trees_main_mean,fit_trees_inter_mean,test_score_mean,n_splits_mean,random_state_mean,test_size_mean,fit_time_std,fit_trees_main_std,fit_trees_inter_std,test_score_std,n_splits_std,random_state_std,test_size_std
Crimes,EBM_GA2M,7.998876619338989,88860.0,19331.2,-0.13680708553523865,5,42,300,1.9045965552591142,7721.916860469298,5127.199937587767,0.004689366625488738,0.0,0.0,0.0
Crimes,EBM_GAM,1.571124792098999,88860.0,0.0,-0.13656117667061324,5,42,300,0.14258558768545043,7721.916860469298,0.0,0.004984277052555632,0.0,0.0,0.0
Crimes,EGB_XGB_GA2M_BEST_FIT_BEST_FIT,107.7971540927887,63340.6,19723.8,-0.1341354465429588,5,42,300,7.380187186331524,3002.7794291289533,2968.8608421413082,0.0052982241554853865,0.0,0.0,0.0
Crimes,EGB_XGB_GA2M_CYCLIC_BEST_FIT,130.95639967918396,101540.2,16723.2,-0.13541334357767906,5,42,300,8.789128262271976,3625.331943422562,1108.0946259232555,0.005071873914593001,0.0,0.0,0.0
Crimes,EGB_XGB_GA2M_CYCLIC_CYCLIC,139.2557233810425,101676.2,18569.8,-0.13555279659713815,5,42,300,7.947676940577291,3438.446989557932,2895.580632619303,0.005203174925039789,0.0,0.0,0.0
Crimes,EGB_XGB_GAM_BEST_FIT_BEST_FIT,81.29603877067566,63340.6,0.0,-0.13437547674473477,5,42,300,6.616006566857608,3002.7794291289533,0.0,0.0047746969839102425,0.0,0.0,0.0
Crimes,EGB_XGB_GAM_CYCLIC_CYCLIC,106.73297224044799,101646.8,0.0,-0.1364332339985309,5,42,300,4.0217247964618394,4001.5286703958523,0.0,0.005075922927621849,0.0,0.0,0.0
Crimes,EGB_XGB_GAM_CYCLIC_REVERSE_CYCLIC_REVERSE,113.97194261550904,101492.6,0.0,-0.13645853645054218,5,42,300,6.964494743922069,3685.7773671235204,0.0,0.004997434407548692,0.0,0.0,0.0
Crimes,Spline,556.3419023036956,0.0,0.0,-0.1454363282444851,5,42,300,13.280358718691433,0.0,0.0,0.003980896152099982,0.0,0.0,0.0
Crimes,XGB,0.20304179191589347,0.0,0.0,-0.1398245908161643,5,42,300,0.0349695294178643,0.0,0.0,0.003149360535306406,0.0,0.0,0.0
adult,EBM_GA2M,48.47428879737854,223336.4,32300.8,0.9306899883167071,5,42,4885,1.6675690414744475,11894.252847488993,2802.019842899047,0.0039501286287955155,0.0,0.0,0.0
adult,EBM_GAM,39.32005205154419,223336.4,0.0,0.9298543669287612,5,42,4885,1.7918052670584976,11894.252847488993,0.0,0.004079585810191489,0.0,0.0,0.0
adult,EGB_XGB_GAM_BEST_FIT_BEST_FIT,252.7460389137268,153932.0,0.0,0.9290982542922805,5,42,4885,5.249140005401887,2960.3500637593525,0.0,0.004093155124575768,0.0,0.0,0.0
adult,EGB_XGB_GAM_CYCLIC_CYCLIC,410.49316930770874,252763.2,0.0,0.9298415281453645,5,42,4885,21.725432429312818,8141.003943003592,0.0,0.003991993087776018,0.0,0.0,0.0
adult,Spline,47.06008996963501,0.0,0.0,0.9206957520133964,5,42,4885,1.2683645163391464,0.0,0.0,0.003512501919022559,0.0,0.0,0.0
adult,XGB,0.553890323638916,0.0,0.0,0.9306928770429714,5,42,4885,0.10885084192912836,0.0,0.0,0.0037053971586211982,0.0,0.0,0.0
bike,EBM_GA2M,170.4006012916565,244622.4,1206620.8,-50.762560834964745,5,42,2607,17.480436891199005,40448.12090567373,98525.74170844897,1.364605151630999,0.0,0.0,0.0
bike,EBM_GAM,14.809356784820556,244622.4,0.0,-97.62720666602425,5,42,2607,2.852440890259863,40448.12090567373,0.0,1.1744760069637843,0.0,0.0,0.0
bike,EGB_XGB_GAM_BEST_FIT_BEST_FIT,96.02573442459106,98942.4,0.0,-97.50626471328239,5,42,2607,5.107557207122033,5177.770253690288,0.0,1.2156908144150582,0.0,0.0,0.0
bike,EGB_XGB_GAM_CYCLIC_CYCLIC,200.5275853633881,207795.6,0.0,-97.55747617945647,5,42,2607,15.913980303532645,13659.493211682488,0.0,1.2093531843267984,0.0,0.0,0.0
bike,Spline,9.318553018569947,0.0,0.0,-97.61746148558959,5,42,2607,0.41060939866243945,0.0,0.0,1.2585350821720676,0.0,0.0,0.0
bike,XGB,1.1270446300506591,0.0,0.0,-39.38945339192118,5,42,2607,1.0540851463784269,0.0,0.0,1.8706166447844512,0.0,0.0,0.0
breast,EBM_GA2M,5.997686100006104,71760.0,15414.4,0.9934027777777779,5,42,86,1.5309200477902645,28436.67702105856,2307.4862513133203,0.004549362038665227,0.0,0.0,0.0
breast,EBM_GAM,1.9865309715270996,71760.0,0.0,0.993287037037037,5,42,86,1.1366011657916149,28436.67702105856,0.0,0.005708377451693414,0.0,0.0,0.0
breast,EGB_XGB_GA2M_BEST_FIT_BEST_FIT,33.74939103126526,65788.8,10511.0,0.9916666666666666,5,42,86,9.823144314647632,24378.022606437957,2143.2077594111124,0.005824531314854697,0.0,0.0,0.0
breast,EGB_XGB_GA2M_CYCLIC_BEST_FIT,58.005486536026,112288.8,28514.4,0.9940972222222222,5,42,86,12.038332299587465,39762.56204899277,12219.608843985146,0.004917279117187074,0.0,0.0,0.0
breast,EGB_XGB_GA2M_CYCLIC_CYCLIC,60.0598222732544,112923.2,32221.4,0.9940972222222222,5,42,86,11.672199074101112,40382.89422763059,17325.5278505447,0.004917279117187074,0.0,0.0,0.0
breast,EGB_XGB_GAM_BEST_FIT_BEST_FIT,27.77532801628113,65788.8,0.0,0.9916666666666666,5,42,86,8.294310865047036,24378.022606437957,0.0,0.005824531314854697,0.0,0.0,0.0
breast,EGB_XGB_GAM_CYCLIC_CYCLIC,45.488767099380496,116285.6,0.0,0.9940972222222222,5,42,86,14.258850273674074,45056.071924880445,0.0,0.004917279117187074,0.0,0.0,0.0
breast,EGB_XGB_GAM_CYCLIC_REVERSE_CYCLIC_REVERSE,50.753839063644406,115575.4,0.0,0.9940972222222222,5,42,86,10.06869088084365,34000.71662921239,0.0,0.004917279117187021,0.0,0.0,0.0
breast,Spline,202.84096488952636,0.0,0.0,0.9827546296296296,5,42,86,24.054318709314227,0.0,0.0,0.010899005107280754,0.0,0.0,0.0
breast,XGB,0.06278271675109859,0.0,0.0,0.9940972222222222,5,42,86,0.017130433822290285,0.0,0.0,0.005836019553462348,0.0,0.0,0.0
california housing,EBM_GA2M,147.442293548584,341680.0,398774.4,-0.504192387779396,5,42,3096,13.421124368911366,16199.925925756574,22212.684232212916,0.0116316263453485,0.0,0.0,0.0
california housing,EBM_GAM,25.884119033813477,341680.0,0.0,-0.5684347675727005,5,42,3096,1.5164660816733957,16199.925925756574,0.0,0.011087240217712237,0.0,0.0,0.0
california housing,EGB_XGB_GA2M_BEST_FIT_BEST_FIT,521.5203534603119,177407.4,210859.6,-0.49306049345645697,5,42,3096,19.630843505461698,4395.086495167076,6087.469326411426,0.014007360844570821,0.0,0.0,0.0
california housing,EGB_XGB_GA2M_CYCLIC_BEST_FIT,643.6032999038696,298835.0,217215.8,-0.4956153258134818,5,42,3096,11.427831539824355,9414.13259413739,8578.438709928512,0.013707993100244013,0.0,0.0,0.0
california housing,EGB_XGB_GA2M_CYCLIC_CYCLIC,809.9810010910035,299448.8,326179.6,-0.49999724892631614,5,42,3096,24.085951788650647,7459.002393081801,18212.977949802713,0.013027222710401607,0.0,0.0,0.0
california housing,EGB_XGB_GAM_BEST_FIT_BEST_FIT,193.22396206855774,177407.4,0.0,-0.5665065132090051,5,42,3096,6.436255697081772,4395.086495167076,0.0,0.011499737168130984,0.0,0.0,0.0
california housing,EGB_XGB_GAM_CYCLIC_CYCLIC,326.5972985744476,301192.2,0.0,-0.5709356760095105,5,42,3096,33.688891829414835,10496.35135177934,0.0,0.01222632805417121,0.0,0.0,0.0
california housing,Spline,10.684456300735473,0.0,0.0,-0.5986868393984496,5,42,3096,0.6217642808219823,0.0,0.0,0.008740790040727288,0.0,0.0,0.0
california housing,XGB,0.855520486831665,0.0,0.0,-0.46497323653032085,5,42,3096,0.22627431919695018,0.0,0.0,0.014048442356429925,0.0,0.0,0.0
churn,EBM_GA2M,3.3449459075927734,50201.8,13238.4,0.8425709677419355,5,42,1055,0.19581781244465452,3128.5852553510513,1430.3051422686,0.01256552337674519,0.0,0.0,0.0
churn,EBM_GAM,1.9421187400817872,50201.8,0.0,0.8424764976958524,5,42,1055,0.12332279801653966,3128.5852553510513,0.0,0.012859892199808097,0.0,0.0,0.0
churn,EGB_XGB_GAM_BEST_FIT_BEST_FIT,19.717255973815917,26527.4,0.0,0.8435907834101382,5,42,1055,1.7645893143750877,2283.8290873005362,0.0,0.012507117109973752,0.0,0.0,0.0
churn,EGB_XGB_GAM_CYCLIC_CYCLIC,43.18338580131531,60830.4,0.0,0.843458064516129,5,42,1055,5.972786521837183,8182.2320793289655,0.0,0.012903171432571366,0.0,0.0,0.0
churn,Spline,4.154770708084106,0.0,0.0,0.8447377880184332,5,42,1055,0.2615864852348704,0.0,0.0,0.010816202796925148,0.0,0.0,0.0
churn,XGB,0.10588889122009273,0.0,0.0,0.832510599078341,5,42,1055,0.018204185240694122,0.0,0.0,0.013480362375873911,0.0,0.0,0.0
compass,EBM_GA2M,2.2561595916748045,40460.2,15584.0,0.7450074081042308,5,42,926,0.15535205713809006,4803.156014538774,1294.863699390789,0.0061397054378205945,0.0,0.0,0.0
compass,EBM_GAM,1.5249855518341064,40460.2,0.0,0.7431137555560781,5,42,926,0.17420945846766178,4803.156014538774,0.0,0.00675874491022163,0.0,0.0,0.0
compass,EGB_XGB_GA2M_BEST_FIT_BEST_FIT,17.364092445373537,15200.2,11450.0,0.7462933609275417,5,42,926,3.0938564297061437,1717.6114810980976,2115.9336000924036,0.006602234978927601,0.0,0.0,0.0
compass,EGB_XGB_GA2M_CYCLIC_BEST_FIT,34.14776406288147,41789.2,13733.0,0.7446668704875238,5,42,926,2.4886694538251954,3837.196202958614,1797.728010573346,0.00659791944627068,0.0,0.0,0.0
compass,EGB_XGB_GA2M_CYCLIC_CYCLIC,35.00965061187744,42492.2,18183.8,0.7452294160532443,5,42,926,3.7518591361758844,4479.300693188614,1692.1553415688525,0.005653382292875903,0.0,0.0,0.0
compass,EGB_XGB_GAM_BEST_FIT_BEST_FIT,7.571418428421021,15200.2,0.0,0.7458088944286352,5,42,926,1.116650416106673,1717.6114810980976,0.0,0.007023511979265335,0.0,0.0,0.0
compass,EGB_XGB_GAM_CYCLIC_CYCLIC,19.326307010650634,41049.6,0.0,0.7438531549116907,5,42,926,2.201539441614157,3827.5870075022463,0.0,0.006882705983052102,0.0,0.0,0.0
compass,Spline,1.8350003719329835,0.0,0.0,0.7451927282989581,5,42,926,0.2694395790975786,0.0,0.0,0.006770583511186657,0.0,0.0,0.0
compass,XGB,0.07059502601623532,0.0,0.0,0.7382667387878931,5,42,926,0.03463939465791765,0.0,0.0,0.006689581575696105,0.0,0.0,0.0
concrete,EBM_GA2M,33.69581198692322,116411.2,170195.2,-3.8995685998954506,5,42,155,9.197282100997302,11350.186747362353,53114.88939271172,0.29810275476574033,0.0,0.0,0.0
concrete,EBM_GAM,1.846101665496826,116411.2,0.0,-4.876409889203512,5,42,155,0.15106811572963796,11350.186747362353,0.0,0.2355498270774794,0.0,0.0,0.0
concrete,Spline,2.4775328636169434,0.0,0.0,-5.135280514129081,5,42,155,0.13688087072717853,0.0,0.0,0.16207524059964376,0.0,0.0,0.0
concrete,XGB,0.17744755744934076,0.0,0.0,-4.333719872669879,5,42,155,0.07483948282061145,0.0,0.0,0.2924022552157475,0.0,0.0,0.0
fico,EBM_GA2M,13.813290405273438,214353.6,64864.0,-3.2500958858856164,5,42,1480,1.5204486122085883,14686.701903422701,21102.708072662143,0.07953505874643704,0.0,0.0,0.0
fico,EBM_GAM,8.35937180519104,214353.6,0.0,-3.511549074040907,5,42,1480,0.6282567397893906,14686.701903422701,0.0,0.0932042763348572,0.0,0.0,0.0
fico,EGB_XGB_GA2M_BEST_FIT_BEST_FIT,191.36792635917664,111078.4,67926.4,-3.2451768626287523,5,42,1480,22.78895286596466,9560.649366021116,13514.029240015725,0.0976483804488905,0.0,0.0,0.0
fico,EGB_XGB_GA2M_CYCLIC_BEST_FIT,319.83546419143676,218194.8,95292.0,-3.2409483062534923,5,42,1480,28.16200194243509,17209.305497317433,11371.823776334208,0.06392499786955894,0.0,0.0,0.0
fico,EGB_XGB_GA2M_CYCLIC_CYCLIC,310.6820784568787,221587.2,80731.0,-3.2397720926114992,5,42,1480,23.923791933851355,21607.714992566893,12439.314651539287,0.07749058043458776,0.0,0.0,0.0
fico,EGB_XGB_GAM_BEST_FIT_BEST_FIT,103.44572067260742,111078.4,0.0,-3.500323925236947,5,42,1480,10.998817554379311,9560.649366021116,0.0,0.09978898211870721,0.0,0.0,0.0
fico,EGB_XGB_GAM_CYCLIC_CYCLIC,198.30080389976501,220489.2,0.0,-3.510526208886246,5,42,1480,16.52755812947534,18042.304403817157,0.0,0.09102009399980633,0.0,0.0,0.0
fico,Spline,22.029503965377806,0.0,0.0,-3.5088310178667883,5,42,1480,0.3191722890566895,0.0,0.0,0.09293358312153326,0.0,0.0,0.0
fico,XGB,0.23745512962341303,0.0,0.0,-3.2191685033442488,5,42,1480,0.03373899312666633,0.0,0.0,0.0458262768419016,0.0,0.0,0.0
heart,Spline,2.862260675430298,0.0,0.0,0.8586666666666666,5,42,46,0.19242250690422652,0.0,0.0,0.040527138803422014,0.0,0.0,0.0
heart,XGB,0.0350115299224853,0.0,0.0,0.8217142857142857,5,42,46,0.007568693019591146,0.0,0.0,0.035979333952358354,0.0,0.0,0.0
student,Spline,3.943616437911987,0.0,0.0,-2.8465266379155523,5,42,98,0.4892865005716216,0.0,0.0,0.15280968572073866,0.0,0.0,0.0
student,XGB,0.0490697383880615,0.0,0.0,-3.015413493816834,5,42,98,0.006947956822400447,0.0,0.0,0.31029783827301877,0.0,0.0,0.0
support2,EBM_GA2M,7.617208671569824,57141.6,17235.2,0.8265815859404659,5,42,1366,0.6525924602526254,4272.09472039186,1874.1662679709073,0.014615216834435875,0.0,0.0,0.0
support2,EBM_GAM,3.217457485198975,57141.6,0.0,0.817666532681271,5,42,1366,0.2298952549326447,4272.09472039186,0.0,0.015630393087581414,0.0,0.0,0.0
support2,EGB_XGB_GA2M_BEST_FIT_BEST_FIT,81.39482350349427,37106.2,23758.4,0.8242692213215428,5,42,1366,8.496344992195898,2307.4276153327105,1924.9852726709362,0.015591011663763199,0.0,0.0,0.0
support2,EGB_XGB_GA2M_CYCLIC_BEST_FIT,103.9668788433075,70992.0,21888.0,0.8231727741676156,5,42,1366,7.578502311976929,5307.735392801718,2571.84243296513,0.016103215019158245,0.0,0.0,0.0
support2,EGB_XGB_GA2M_CYCLIC_CYCLIC,104.92924103736877,71182.6,22148.6,0.8238097630691588,5,42,1366,7.134765239520965,5509.488660483838,2609.7782089671914,0.017027447443130245,0.0,0.0,0.0
support2,EGB_XGB_GAM_BEST_FIT_BEST_FIT,42.482087469100954,37146.2,0.0,0.8195903396529778,5,42,1366,4.618593074053722,2460.9901868963234,0.0,0.01468481120508664,0.0,0.0,0.0
support2,EGB_XGB_GAM_CYCLIC_CYCLIC,70.46946930885315,70964.6,0.0,0.8180255018869611,5,42,1366,5.998828985818131,5416.098577389449,0.0,0.01492805296718838,0.0,0.0,0.0
support2,Spline,74.56044263839722,0.0,0.0,0.8170803465755565,5,42,1366,32.653945486036385,0.0,0.0,0.013974240000868238,0.0,0.0,0.0
support2,XGB,0.17381210327148433,0.0,0.0,0.8213081440789619,5,42,1366,0.05723602577580692,0.0,0.0,0.01283124720207237,0.0,0.0,0.0
synthetic_corr,EBM_GA2M,10.234015083312988,27082.0,38394.0,-0.03955239320822577,5,42,150,0.3205267832232696,1281.3693846818724,1100.695234840235,0.005325126472291239,0.0,0.0,0.0
synthetic_corr,EBM_GAM,0.5017507076263428,27082.0,0.0,-0.09165998899962745,5,42,150,0.028401115458650553,1281.3693846818724,0.0,0.0062260474873476026,0.0,0.0,0.0
synthetic_corr,EGB_XGB_GA2M_BEST_FIT_BEST_FIT,37.13726892471313,30833.8,38223.0,-0.03924466885620016,5,42,150,7.0123422116798455,2815.9228860180106,8550.97745874704,0.006602155928859391,0.0,0.0,0.0
synthetic_corr,EGB_XGB_GA2M_CYCLIC_BEST_FIT,39.598273038864136,33898.8,39270.0,-0.0356591273805714,5,42,150,6.994866473300604,1762.8789521688666,9151.541072409607,0.006017445792808792,0.0,0.0,0.0
synthetic_corr,EGB_XGB_GA2M_CYCLIC_CYCLIC,59.12668142318726,33898.8,73069.8,-0.03805359463136519,5,42,150,8.424245332167246,1762.8789521688666,10700.170872467414,0.004806094209183732,0.0,0.0,0.0
synthetic_corr,EGB_XGB_GAM_BEST_FIT_BEST_FIT,13.270314025878907,30833.8,0.0,-0.09267877904938185,5,42,150,2.2323619796680774,2815.9228860180106,0.0,0.006310465589500893,0.0,0.0,0.0
synthetic_corr,EGB_XGB_GAM_CYCLIC_CYCLIC,12.442918920516968,33898.8,0.0,-0.09007640090177235,5,42,150,1.0016785218411592,1762.8789521688666,0.0,0.0062963879179874175,0.0,0.0,0.0
synthetic_corr,EGB_XGB_GAM_CYCLIC_RANDOM_CYCLIC_RANDOM,12.505045080184937,34116.8,0.0,-0.09005748871784576,5,42,150,0.349956785338279,1187.2437407710352,0.0,0.006357603579611234,0.0,0.0,0.0
synthetic_corr,EGB_XGB_GAM_CYCLIC_RANDOM_REVERSE_CYCLIC_RANDOM_REVERSE,12.607895565032958,33853.0,0.0,-0.0900435834817626,5,42,150,0.49471235266410785,1088.0020680127413,0.0,0.006327743960388729,0.0,0.0,0.0
synthetic_corr,EGB_XGB_GAM_CYCLIC_REVERSE_CYCLIC_REVERSE,12.580797386169433,33989.2,0.0,-0.09006594131425216,5,42,150,1.0110262060823532,1348.094840877303,0.0,0.006280669338747235,0.0,0.0,0.0
synthetic_corr,Spline,1.9939328193664552,0.0,0.0,-0.10161338077414377,5,42,150,0.1208328362403675,0.0,0.0,0.00762555136863477,0.0,0.0,0.0
synthetic_corr,XGB,0.14856338500976557,0.0,0.0,-0.04596146334992226,5,42,150,0.03671819320377219,0.0,0.0,0.003599180868992117,0.0,0.0,0.0
synthetic_ordering10,EBM_GAM,1.2924111843109132,100000.0,0.0,-0.021048217675849044,5,42,150,0.4441077046348725,0.0,0.0,0.0010477229398813375,0.0,0.0,0.0
synthetic_ordering10,EGB_XGB_GAM_BEST_FIT_BEST_FIT,33.044156074523926,100000.0,0.0,-0.021062098583841705,5,42,150,0.41517353917717426,0.0,0.0,0.0010463977479427816,0.0,0.0,0.0
synthetic_ordering10,EGB_XGB_GAM_CYCLIC_CYCLIC,31.029522132873534,100000.0,0.0,-0.021062098583841705,5,42,150,0.3868732833246074,0.0,0.0,0.0010463977479427816,0.0,0.0,0.0
synthetic_ordering10,EGB_XGB_GAM_CYCLIC_RANDOM_CYCLIC_RANDOM,30.271700191497803,100000.0,0.0,-0.021062098583841705,5,42,150,0.19332433477256844,0.0,0.0,0.0010463977479427816,0.0,0.0,0.0
synthetic_ordering10,EGB_XGB_GAM_CYCLIC_RANDOM_REVERSE_CYCLIC_RANDOM_REVERSE,31.994710302352907,100000.0,0.0,-0.021062098583841705,5,42,150,1.1924794654706128,0.0,0.0,0.0010463977479427816,0.0,0.0,0.0
synthetic_ordering10,EGB_XGB_GAM_CYCLIC_REVERSE_CYCLIC_REVERSE,31.17262420654297,100000.0,0.0,-0.021062098583841705,5,42,150,1.4582481562190226,0.0,0.0,0.0010463977479427816,0.0,0.0,0.0
synthetic_ordering10,EGB_XGB_GAM_RANDOM_RANDOM,30.477099704742432,100000.0,0.0,-0.021062098583841705,5,42,150,0.2880826032663907,0.0,0.0,0.0010463977479427816,0.0,0.0,0.0
synthetic_ordering100,EBM_GAM,1.2680253982543945,100000.0,0.0,-0.021048217675849003,5,42,150,0.05945065431447059,0.0,0.0,0.0010477229398813104,0.0,0.0,0.0
synthetic_ordering100,EGB_XGB_GAM_BEST_FIT_BEST_FIT,96.93837471008301,100000.0,0.0,-0.021062098583841705,5,42,150,0.7233813389570651,0.0,0.0,0.0010463977479427816,0.0,0.0,0.0
synthetic_ordering100,EGB_XGB_GAM_CYCLIC_CYCLIC,79.37276129722595,100000.0,0.0,-0.021062098583841705,5,42,150,2.369518840871093,0.0,0.0,0.0010463977479427816,0.0,0.0,0.0
synthetic_ordering100,EGB_XGB_GAM_CYCLIC_RANDOM_CYCLIC_RANDOM,77.03502507209778,100000.0,0.0,-0.021062098583841705,5,42,150,0.8118821315432005,0.0,0.0,0.0010463977479427816,0.0,0.0,0.0
synthetic_ordering100,EGB_XGB_GAM_CYCLIC_RANDOM_REVERSE_CYCLIC_RANDOM_REVERSE,80.4249454498291,100000.0,0.0,-0.02106209858384172,5,42,150,6.942333463184378,0.0,0.0,0.0010463977479427842,0.0,0.0,0.0
synthetic_ordering100,EGB_XGB_GAM_CYCLIC_REVERSE_CYCLIC_REVERSE,79.81938648223877,100000.0,0.0,-0.021062098583841705,5,42,150,1.6129506557501532,0.0,0.0,0.0010463977479427816,0.0,0.0,0.0
synthetic_ordering100,EGB_XGB_GAM_RANDOM_RANDOM,76.82929663658142,100000.0,0.0,-0.021062098583841705,5,42,150,1.6031714844136193,0.0,0.0,0.0010463977479427816,0.0,0.0,0.0
synthetic_ordering1000,EBM_GAM,3.295103979110718,100000.0,0.0,-0.02104821767584906,5,42,150,0.09784960738231334,0.0,0.0,0.0010477229398813137,0.0,0.0,0.0
synthetic_ordering1000,EGB_XGB_GAM_BEST_FIT_BEST_FIT,1268.055847644806,100000.0,0.0,-0.021062098583841705,5,42,150,35.10236064238858,0.0,0.0,0.0010463977479427816,0.0,0.0,0.0
synthetic_ordering1000,EGB_XGB_GAM_CYCLIC_CYCLIC,1112.4290355205535,100000.0,0.0,-0.02106209858384168,5,42,150,7.378704600903319,0.0,0.0,0.0010463977479428183,0.0,0.0,0.0
synthetic_ordering1000,EGB_XGB_GAM_CYCLIC_RANDOM_CYCLIC_RANDOM,1120.9019351005554,100000.0,0.0,-0.021062098583841705,5,42,150,7.1224356822763495,0.0,0.0,0.0010463977479427816,0.0,0.0,0.0
synthetic_ordering1000,EGB_XGB_GAM_CYCLIC_REVERSE_CYCLIC_REVERSE,1184.0414048194884,100000.0,0.0,-0.02106209858384168,5,42,150,28.277850400781052,0.0,0.0,0.0010463977479428183,0.0,0.0,0.0
synthetic_ordering1000,EGB_XGB_GAM_RANDOM_RANDOM,1103.2732002735138,100000.0,0.0,-0.02106209858384176,5,42,150,7.624555990982616,0.0,0.0,0.0010463977479427838,0.0,0.0,0.0
wine,EBM_GA2M,14.68488597869873,64152.0,44995.2,-0.6895605393908921,5,42,735,3.569283917406482,9270.347485396649,8834.27796710065,0.01238669895716792,0.0,0.0,0.0
wine,EBM_GAM,1.6518058776855469,64152.0,0.0,-0.7116060722527523,5,42,735,0.31141124331291553,9270.347485396649,0.0,0.012054834817647613,0.0,0.0,0.0
wine,EGB_XGB_GAM_BEST_FIT_BEST_FIT,38.23279433250427,64396.4,0.0,-0.7109543497460523,5,42,735,6.398214213580242,10058.356366723143,0.0,0.012295808406697471,0.0,0.0,0.0
wine,EGB_XGB_GAM_CYCLIC_CYCLIC,42.74957957267761,80827.6,0.0,-0.7087260580732211,5,42,735,5.348985389611528,7115.95459513339,0.0,0.01200940869741624,0.0,0.0,0.0
wine,Spline,5.101180601119995,0.0,0.0,-0.7439914070613651,5,42,735,0.29259545034770656,0.0,0.0,0.030843208921976846,0.0,0.0,0.0
wine,XGB,0.2748023509979248,0.0,0.0,-0.6523171119062017,5,42,735,0.1304107684786876,0.0,0.0,0.015005810076394437,0.0,0.0,0.0
