d_name,model_name,bias_mean,variance_mean,test_mse_mean,test_score_mean,n_subsamples_mean,subsample_ratio_mean,fit_time_mean,n_splits_mean,random_state_mean,test_size_mean,bias_std,variance_std,test_mse_std,test_score_std,n_subsamples_std,subsample_ratio_std,fit_time_std,n_splits_std,random_state_std,test_size_std
Crimes,EBM_GA2M,0.01828718924079436,0.00084617107110298,0.0191333603118974,-0.1382632951872836,5,0.5,36.4733371257782,5,42,300,0.0010557570996538907,0.00010426873953683406,0.0010294090596813467,0.003712979484004279,0.0,0.0,3.9771327202793723,0.0,0.0,0.0
Crimes,EBM_GAM,0.01895095308190906,0.0004570906517321,0.01940804373364124,-0.13923332859107035,5,0.5,5.807772207260132,5,42,300,0.0013493590515641217,5.302023598191068e-05,0.0013301756852701796,0.004785572419443091,0.0,0.0,0.06160363925271208,0.0,0.0,0.0
Crimes,EGB_XGB_GA2M_BEST_FIT_BEST_FIT,0.01836692645835916,0.00044329299913034,0.01881021945748952,-0.137081845009199,5,0.5,408.58610129356384,5,42,300,0.0012241501351978024,7.174574101323796e-05,0.0012174591256658694,0.004407813254969831,0.0,0.0,21.190242177298323,0.0,0.0,0.0
Crimes,EGB_XGB_GA2M_CYCLIC_BEST_FIT,0.01864552689252056,0.00053127993106294,0.01917680682358352,-0.13841225699163434,5,0.5,438.4037557601929,5,42,300,0.001217824863666167,4.1196464174482234e-05,0.0011879330320858712,0.004303832024131135,0.0,0.0,27.236661575792056,0.0,0.0,0.0
Crimes,EGB_XGB_GA2M_CYCLIC_CYCLIC,0.01855394441699048,0.0006768106297382599,0.01923075504672878,-0.13859979521712118,5,0.5,500.19363512992857,5,42,300,0.0011785988938326402,2.7644376036181012e-05,0.0011766054158893493,0.0042621240353936515,0.0,0.0,20.9965020774141,0.0,0.0,0.0
Crimes,EGB_XGB_GA2M_CYCLIC_RANDOM_BEST_FIT,0.018641435154506482,0.00053030982805256,0.01917174498255912,-0.13839627267368582,5,0.5,484.4529860496521,5,42,300,0.0011998005493728714,4.3566016630076476e-05,0.001168362802042534,0.004226318280849303,0.0,0.0,33.33600820811358,0.0,0.0,0.0
Crimes,EGB_XGB_GA2M_CYCLIC_RANDOM_CYCLIC_RANDOM,0.0185419424445716,0.0006610656477941,0.01920300809236574,-0.13850109714309133,5,0.5,502.57832312583923,5,42,300,0.001173369949064428,3.530097014045255e-05,0.0011723295246462459,0.004242114971513148,0.0,0.0,22.44160963328064,0.0,0.0,0.0
Crimes,EGB_XGB_GAM_BEST_FIT_BEST_FIT,0.0184421156340474,0.00039547514006026,0.01883759077410772,-0.13718310141136444,5,0.5,338.0474492549896,5,42,300,0.0012134034309693824,5.80208473677334e-05,0.0012042516888605918,0.00436350225319678,0.0,0.0,11.890832904478039,0.0,0.0,0.0
Crimes,EGB_XGB_GAM_CYCLIC_CYCLIC,0.01901387190852486,0.00046399488021016,0.01947786678873508,-0.13948834117133196,5,0.5,402.7514133453369,5,42,300,0.0013502939823343343,6.992785584435117e-05,0.0012915269662608535,0.004641066858829915,0.0,0.0,16.824298753467996,0.0,0.0,0.0
Crimes,EGB_XGB_GAM_CYCLIC_RANDOM_CYCLIC_RANDOM,0.019015880236546,0.0004625048405264,0.01947838507707244,-0.13949093531827852,5,0.5,382.67386083602906,5,42,300,0.0013423781550955527,6.570375386925106e-05,0.001289984220191549,0.004635199542821265,0.0,0.0,19.76838929340397,0.0,0.0,0.0
Crimes,EGB_XGB_GAM_RANDOM_RANDOM,0.019201308840216598,0.0005474773369870799,0.01974878617720372,-0.14045675190441337,5,0.5,184.7200931072235,5,42,300,0.0012720049125195133,6.171800206547006e-05,0.00124142180435984,0.004435064297892855,0.0,0.0,3.958214505875104,0.0,0.0,0.0
Crimes,Spline,0.0216744765377138,0.00057588777592724,0.02225036431364106,-0.14904551198963342,5,0.5,140.09532046318054,5,42,300,0.0018776983214926631,4.533936316422338e-05,0.0018781778489379063,0.00639261229989315,0.0,0.0,6.141737785444202,0.0,0.0,0.0
Crimes,XGB,0.01880455183965764,0.0025446531828492397,0.0213492048632386,-0.1459462991691717,5,0.5,0.719426155090332,5,42,300,0.001725316081273418,0.00044431177947563434,0.0016727873186285671,0.005685313948871622,0.0,0.0,0.09499797614948435,0.0,0.0,0.0
adult,EBM_GA2M,0.08841381957684384,0.0009173541621286,0.08933117373897248,0.9275023155662911,5,0.5,89.0752359867096,5,42,4885,0.0022477313694146787,0.00010241223029266777,0.002187898954000068,0.003733821203991424,0.0,0.0,4.586239058918958,0.0,0.0,0.0
adult,EBM_GAM,0.08886605807782066,0.00068643207967084,0.08955249015749155,0.9270642562767897,5,0.5,70.1179856300354,5,42,4885,0.002141326806439963,5.655413320462887e-05,0.0021221369093036143,0.0038256064959562948,0.0,0.0,6.220329185669893,0.0,0.0,0.0
adult,EGB_XGB_GA2M_CYCLIC_BEST_FIT,0.08849288267564323,0.0008132694223257752,0.08930615209796902,0.9275458711389651,5,0.5,1198.138539505005,5,42,4885,0.002205512866941284,6.566120602582316e-05,0.002176384003579472,0.003762947606901659,0.0,0.0,28.863986179895722,0.0,0.0,0.0
adult,EGB_XGB_GA2M_CYCLIC_CYCLIC,0.08836753078556228,0.0008434925742299631,0.08921102335979225,0.927714746993432,5,0.5,1265.605984020233,5,42,4885,0.0021988079740255487,5.2915343324859235e-05,0.002180986519965195,0.0037397799971367117,0.0,0.0,54.09078695919706,0.0,0.0,0.0
adult,EGB_XGB_GAM_BEST_FIT_BEST_FIT,0.08955530420213878,0.00064737823373954,0.09020268243587838,0.9259938364669136,5,0.5,496.81992268562317,5,42,4885,0.0022491623970557957,6.932660194938906e-05,0.0022139463270928247,0.0038381937570036873,0.0,0.0,21.010162480472417,0.0,0.0,0.0
adult,EGB_XGB_GAM_CYCLIC_CYCLIC,0.08865687259340953,0.00070593839920392,0.08936281099261352,0.9273750969786674,5,0.5,922.3378443717957,5,42,4885,0.0021486666407484903,7.237102851140639e-05,0.002134344876030183,0.0037729618016167925,0.0,0.0,22.934121307277152,0.0,0.0,0.0
adult,EGB_XGB_GAM_CYCLIC_RANDOM_CYCLIC_RANDOM,0.08866380675204005,0.00070544860764982,0.08936925535968998,0.9273639914310291,5,0.5,910.9960592746735,5,42,4885,0.0021624348401155817,7.046479351923614e-05,0.0021436157155744805,0.003785499712774944,0.0,0.0,35.21369189383919,0.0,0.0,0.0
adult,Spline,0.09409464106421202,0.0008416080985372604,0.0949362491627493,0.918414593661676,5,0.5,24.353269624710084,5,42,4885,0.0020359822643082376,6.341569690124479e-05,0.0020379283209182794,0.0037074681194732666,0.0,0.0,1.1393910911195841,0.0,0.0,0.0
adult,XGB,0.086830414689985,0.002547302562743425,0.08937771728942237,0.9271018922532616,5,0.5,1.4932402133941651,5,42,4885,0.002485090650209975,0.0001977484873462226,0.002507120194053946,0.003972054498216424,0.0,0.0,0.07892054907465648,0.0,0.0,0.0
bike,EBM_GA2M,2599.3799757997863,145.89518561947062,2745.2751614192566,-52.385075477639745,5,0.5,532.6636180877686,5,42,2607,111.97390697186779,8.975409916868333,117.72652826531433,1.1192488772955684,0.0,0.0,14.527234465191688,0.0,0.0,0.0
bike,EBM_GAM,9549.036137785977,77.93845992020445,9626.97459770618,-98.11082424613171,5,0.5,32.7952663898468,5,42,2607,243.22762876604952,5.626162080779295,242.51402659139447,1.2330892961801154,0.0,0.0,0.9655024881800506,0.0,0.0,0.0
bike,EGB_XGB_GA2M_CYCLIC_BEST_FIT,2607.9788073017926,179.61253086387973,2787.5913381656724,-52.78481646759415,5,0.5,1838.7896418094635,5,42,2607,105.17794903021081,15.885790442650881,104.25070605070769,0.9896929622168952,0.0,0.0,17.920350856425724,0.0,0.0,0.0
bike,EGB_XGB_GA2M_CYCLIC_CYCLIC,2600.9328748032704,166.57662311440885,2767.5094979176797,-52.59370331598585,5,0.5,1789.691090965271,5,42,2607,112.41817068904307,14.374940754953744,106.5874937496189,1.014942203359885,0.0,0.0,41.15429858058843,0.0,0.0,0.0
bike,EGB_XGB_GAM_BEST_FIT_BEST_FIT,9548.827983819847,66.6444144145971,9615.472398234446,-98.0525388558487,5,0.5,242.91327862739564,5,42,2607,235.89098995660788,5.835534528776045,234.48666803891618,1.1937931720135182,0.0,0.0,21.233592334032146,0.0,0.0,0.0
bike,EGB_XGB_GAM_CYCLIC_CYCLIC,9548.479018966602,81.31260445455983,9629.791623421159,-98.12535822005137,5,0.5,576.5162921905518,5,42,2607,239.68575364118072,4.243376767868672,238.2507702816976,1.211304732089755,0.0,0.0,23.153270256677903,0.0,0.0,0.0
bike,EGB_XGB_GAM_CYCLIC_RANDOM_CYCLIC_RANDOM,9547.7697272702,81.25792617351667,9629.027653443718,-98.12145424749124,5,0.5,615.6648411750793,5,42,2607,240.1317285955491,4.076230763455561,238.60772337026083,1.2131346013424087,0.0,0.0,36.576360218280335,0.0,0.0,0.0
bike,Spline,9547.981893198805,60.57216435636002,9608.554057555166,-98.01660928153744,5,0.5,1.6464877605438233,5,42,2607,250.15763489777666,4.782183509003,247.18930734688718,1.2573360472207447,0.0,0.0,0.013445556528715302,0.0,0.0,0.0
bike,XGB,1560.6834378881542,268.5934783935547,1829.276943897603,-42.74526435270305,5,0.5,1.854457712173462,5,42,2607,131.4499462283419,10.698853065013681,124.82565324883181,1.4464308107412842,0.0,0.0,0.15401873704787863,0.0,0.0,0.0
breast,EBM_GA2M,0.038323799243899406,0.006915526131740702,0.04523932537564011,0.9899537037037037,5,0.5,40.01531295776367,5,42,86,0.01412307903148305,0.0030636514605694317,0.016861583375514938,0.00655004656445828,0.0,0.0,9.632220030522713,0.0,0.0,0.0
breast,EBM_GAM,0.04146862975530489,0.004473542442373241,0.045942172197678134,0.9894907407407407,5,0.5,9.048221445083618,5,42,86,0.016462262789447117,0.0018802029168301089,0.01790597382974661,0.0073681504601700665,0.0,0.0,1.577763841518131,0.0,0.0,0.0
breast,EGB_XGB_GA2M_BEST_FIT_BEST_FIT,0.03682477257925214,0.00210484512905752,0.0389296177083097,0.9868518518518519,5,0.5,170.906343793869,5,42,86,0.0160510026104392,0.0002719225551265761,0.015951788541232515,0.008847772140205323,0.0,0.0,19.77471891160357,0.0,0.0,0.0
breast,EGB_XGB_GA2M_CYCLIC_BEST_FIT,0.03735007887127282,0.00141403004961186,0.038764108920884714,0.9899074074074073,5,0.5,244.39637846946715,5,42,86,0.015444566485601462,4.410328444350945e-05,0.015472720611926628,0.008098296177429439,0.0,0.0,35.02218516806924,0.0,0.0,0.0
breast,EGB_XGB_GA2M_CYCLIC_CYCLIC,0.03738781912538332,0.0014215134435431,0.038809332568926436,0.9899537037037037,5,0.5,231.23743453025818,5,42,86,0.015414329521466263,5.276236743108946e-05,0.015455511833437408,0.008199804691708694,0.0,0.0,39.60752813137119,0.0,0.0,0.0
breast,EGB_XGB_GA2M_CYCLIC_RANDOM_BEST_FIT,0.03567741316895813,0.0016461869484079403,0.037323600117366115,0.9909027777777778,5,0.5,56.70736150741577,5,42,86,0.01511381980951194,0.00011123635991513017,0.015168449016012765,0.00733316015858928,0.0,0.0,6.5589368165635085,0.0,0.0,0.0
breast,EGB_XGB_GA2M_CYCLIC_RANDOM_CYCLIC_RANDOM,0.03735566342019972,0.00143100950261098,0.03878667292281074,0.9899305555555555,5,0.5,242.134361743927,5,42,86,0.015405261164972331,6.767366863501632e-05,0.015454063812024046,0.008079085075366395,0.0,0.0,37.59435358295433,0.0,0.0,0.0
breast,EGB_XGB_GA2M_RANDOM_RANDOM,0.03730618489902775,0.0014229949343008798,0.0387291798333287,0.9899768518518519,5,0.5,237.77797622680663,5,42,86,0.01544838926113419,6.219012427609838e-05,0.015491363592476588,0.008119029409107617,0.0,0.0,36.26236316384961,0.0,0.0,0.0
breast,EGB_XGB_GAM_BEST_FIT_BEST_FIT,0.03682477736670044,0.0021048467617900803,0.03892962412849055,0.9868518518518519,5,0.5,160.49583806991578,5,42,86,0.01605103945895381,0.0002719459433113255,0.01595180956770017,0.008847772140205323,0.0,0.0,19.55491156367416,0.0,0.0,0.0
breast,EGB_XGB_GAM_CYCLIC_CYCLIC,0.03623163538731532,0.0015962564082936197,0.037827891795609005,0.990462962962963,5,0.5,41.50008983612061,5,42,86,0.01488149328840975,0.00016074826633335964,0.014924996373454173,0.007361420474514924,0.0,0.0,9.306090122656553,0.0,0.0,0.0
breast,EGB_XGB_GAM_CYCLIC_RANDOM_BEST_FIT,0.03591478232077237,0.0016479764284586598,0.03756275874923108,0.9905555555555555,5,0.5,40.82395262718201,5,42,86,0.015068016059260406,0.00013507808822268877,0.015151731402073286,0.007478768674143127,0.0,0.0,4.612996122843408,0.0,0.0,0.0
breast,EGB_XGB_GAM_CYCLIC_RANDOM_CYCLIC_RANDOM,0.03734906723620858,0.00141684582023518,0.0387659130564438,0.9898611111111112,5,0.5,232.37198338508605,5,42,86,0.015424799377138875,6.0284987303218124e-05,0.015471430798535484,0.008111188403360822,0.0,0.0,40.95731098694203,0.0,0.0,0.0
breast,EGB_XGB_GAM_RANDOM_RANDOM,0.0373061877653515,0.00142300402319048,0.03872919178854206,0.9899768518518519,5,0.5,213.83303332328796,5,42,86,0.015448428029088444,6.217301664357901e-05,0.01549138634585695,0.008119029409107617,0.0,0.0,37.760183869789856,0.0,0.0,0.0
breast,Spline,0.09656971408583329,0.00063904718523858,0.09720876127107193,0.9509722222222223,5,0.5,794.5623101711274,5,42,86,0.01496907916093987,9.913653920027268e-05,0.015032629542022571,0.020818635504672552,0.0,0.0,53.79832428443569,0.0,0.0,0.0
breast,XGB,0.03820207497800082,0.00878403643146152,0.04698611088950612,0.9860879629629631,5,0.5,0.17914547920227047,5,42,86,0.013326028981729422,0.002537147705765788,0.015205090760396257,0.008911059951247819,0.0,0.0,0.010102838026480135,0.0,0.0,0.0
california housing,EBM_GA2M,0.2586434985502822,0.01584435007183746,0.2744878486221196,-0.5238257801853159,5,0.5,419.77368783950806,5,42,3096,0.010012698583020837,0.0010317386423184898,0.009692674721350542,0.009230584293791347,0.0,0.0,16.93794818544756,0.0,0.0,0.0
california housing,EBM_GAM,0.3277683722090411,0.00751736486724904,0.33528573707629017,-0.57898313425299,5,0.5,58.764042901992795,5,42,3096,0.009868649191447915,0.0007132841524514363,0.009855023553201614,0.008487878637892247,0.0,0.0,2.303890742098774,0.0,0.0,0.0
california housing,EGB_XGB_GA2M_BEST_FIT_BEST_FIT,0.24433068068249536,0.020406323296482842,0.26473700397897837,-0.5144250179762667,5,0.5,72.20847201347351,5,42,3096,0.009814641286712852,0.0006382467151195494,0.009734635503308772,0.009459133356426678,0.0,0.0,1.6744697975835428,0.0,0.0,0.0
california housing,EGB_XGB_GA2M_CYCLIC_BEST_FIT,0.24532420838690444,0.018978381838699845,0.2643025902256043,-0.5140053510570856,5,0.5,1657.356835412979,5,42,3096,0.009720163212980972,0.0005035728536172112,0.009601046337854923,0.009332112928434185,0.0,0.0,62.69354717915851,0.0,0.0,0.0
california housing,EGB_XGB_GA2M_CYCLIC_CYCLIC,0.24985923396710738,0.0196915888346734,0.26955082280178083,-0.5190785817538479,5,0.5,2135.1354732990267,5,42,3096,0.010072316517349581,0.0008062590759923639,0.009698184788547103,0.009342415909291447,0.0,0.0,53.62560559002283,0.0,0.0,0.0
california housing,EGB_XGB_GA2M_CYCLIC_RANDOM_BEST_FIT,0.24707585701325305,0.02232721482999768,0.26940307184325085,-0.5189395870370151,5,0.5,78.18702278137206,5,42,3096,0.009778407241511987,0.00043547336645283387,0.009711196026701353,0.009347901816025303,0.0,0.0,2.534469942680578,0.0,0.0,0.0
california housing,EGB_XGB_GA2M_CYCLIC_RANDOM_CYCLIC_RANDOM,0.25021617765822346,0.019550349106713476,0.269766526764937,-0.5192923743121993,5,0.5,2114.0639601707458,5,42,3096,0.010114666957224837,0.0007507069216663635,0.009707349484700098,0.009348734234923025,0.0,0.0,31.164712054348108,0.0,0.0,0.0
california housing,EGB_XGB_GAM_BEST_FIT_BEST_FIT,0.3259458223897395,0.00623803259476966,0.3321838549845092,-0.5762862246389485,5,0.5,574.5660573005676,5,42,3096,0.011060730447217663,0.0005752961725916431,0.010962486427490164,0.00947732547718782,0.0,0.0,15.15667544846012,0.0,0.0,0.0
california housing,EGB_XGB_GAM_CYCLIC_CYCLIC,0.3304130344480515,0.00801238548184632,0.33842541992989794,-0.5816813420766196,5,0.5,892.9692933082581,5,42,3096,0.010789379963012838,0.0005843007395377658,0.01073261952871531,0.009197505395118986,0.0,0.0,20.947074831024736,0.0,0.0,0.0
california housing,EGB_XGB_GAM_CYCLIC_RANDOM_CYCLIC_RANDOM,0.33042970162477814,0.008016872110676,0.33844657373545417,-0.5817002730345695,5,0.5,905.7851829051972,5,42,3096,0.010692214160749076,0.000597578299469965,0.01066542869161415,0.009140342911515822,0.0,0.0,50.81827260123261,0.0,0.0,0.0
california housing,Spline,0.35773335438658166,0.006546428119050343,0.364279782505632,-0.6033388249485944,5,0.5,1.6072580337524414,5,42,3096,0.009854640982667416,0.008292456900774667,0.015886191560232535,0.012864137940695918,0.0,0.0,0.02190960051727395,0.0,0.0,0.0
california housing,XGB,0.2154782286455197,0.026131881400942802,0.24161010916680037,-0.4913538743651834,5,0.5,1.7913423538208009,5,42,3096,0.014557574963662437,0.0018056085743856903,0.013792313643043789,0.01406541908755281,0.0,0.0,0.29773366680081953,0.0,0.0,0.0
churn,EBM_GA2M,0.1359792173761793,0.0007821106972746199,0.136761328073454,0.841207465437788,5,0.5,9.883754253387451,5,42,1055,0.0052362998794702855,8.061555373997084e-05,0.005303138412861015,0.012863351821565328,0.0,0.0,0.7103326018799136,0.0,0.0,0.0
churn,EBM_GAM,0.13649685558632108,0.00053322736814052,0.13703008295446165,0.8405388018433179,5,0.5,5.056339263916016,5,42,1055,0.005179126697044276,4.450465203415928e-05,0.005222384142069733,0.013119926583258223,0.0,0.0,0.29211631252271475,0.0,0.0,0.0
churn,EGB_XGB_GA2M_CYCLIC_BEST_FIT,0.1357020685546193,0.0008133591190793837,0.1365154276736987,0.8419731797235024,5,0.5,214.59965867996215,5,42,1055,0.005135672523533165,0.0001980247541524411,0.005318909577559275,0.012856179519763302,0.0,0.0,15.228927943864173,0.0,0.0,0.0
churn,EGB_XGB_GA2M_CYCLIC_CYCLIC,0.13576992036212787,0.0007537603595938527,0.13652368072172175,0.8420301382488479,5,0.5,217.95622329711915,5,42,1055,0.005130335037782336,0.0001446599523725042,0.005267951910071561,0.012678545784985848,0.0,0.0,11.23868316853086,0.0,0.0,0.0
churn,EGB_XGB_GAM_BEST_FIT_BEST_FIT,0.13587593829740857,0.00073732513404132,0.13661326343144986,0.8419881105990784,5,0.5,73.85268688201904,5,42,1055,0.004865176846636144,0.00010291165172540413,0.004965239993009765,0.012500512531275041,0.0,0.0,2.5398378234903234,0.0,0.0,0.0
churn,EGB_XGB_GAM_CYCLIC_CYCLIC,0.13593066556889088,0.00065093426421644,0.1365815998331073,0.8418845161290323,5,0.5,151.48471269607543,5,42,1055,0.00515334575094627,0.00011339428604568905,0.0052529756669740715,0.012766415749322217,0.0,0.0,9.639795816944487,0.0,0.0,0.0
churn,EGB_XGB_GAM_CYCLIC_RANDOM_CYCLIC_RANDOM,0.13591019551680095,0.0006567506842521199,0.1365669462010531,0.841898525345622,5,0.5,166.85782413482667,5,42,1055,0.005159613084033399,0.00011596184624565764,0.005259923281868541,0.012775296654580796,0.0,0.0,7.094282159740373,0.0,0.0,0.0
churn,Spline,0.13521366139824753,0.0008940924572073842,0.13610775385545493,0.8423495852534562,5,0.5,1.265755844116211,5,42,1055,0.005064450810160529,0.00010805723798952624,0.005142973855006963,0.011740912189818742,0.0,0.0,0.03171845078434218,0.0,0.0,0.0
churn,XGB,0.13773363970404742,0.005617441516369582,0.14335108098363558,0.8284629493087557,5,0.5,0.38199505805969236,5,42,1055,0.005637140863610614,0.0005304997653328541,0.005934896318818266,0.014026660732405398,0.0,0.0,0.015265987853756647,0.0,0.0,0.0
compass,EBM_GA2M,0.20389497402846804,0.00069633955732662,0.20459131358579472,0.7428999317984054,5,0.5,5.710911083221435,5,42,926,0.00236765178060961,0.00011923971012121297,0.0023588936241135234,0.0069194298009945514,0.0,0.0,0.32638251836890225,0.0,0.0,0.0
compass,EBM_GAM,0.20480654969469564,0.00047313010250519996,0.20527967979720088,0.7413643141036192,5,0.5,3.826396656036377,5,42,926,0.002344346921995631,5.133585835090302e-05,0.002371645467331362,0.007336154850048307,0.0,0.0,0.457827953384991,0.0,0.0,0.0
compass,EGB_XGB_GA2M_BEST_FIT_BEST_FIT,0.20356063746593253,0.0005938195949971401,0.20415445706092972,0.7441593565532325,5,0.5,72.16307821273804,5,42,926,0.0023764475562441933,7.791701369796352e-05,0.002310092021583725,0.006722723191077155,0.0,0.0,8.074081296266952,0.0,0.0,0.0
compass,EGB_XGB_GA2M_CYCLIC_BEST_FIT,0.20409811901600952,0.0005986372286274226,0.20469675624463696,0.7426690811598975,5,0.5,109.56324796676635,5,42,926,0.0023029009171704165,6.728424657432684e-05,0.002273394806653751,0.006568858821676881,0.0,0.0,6.0926776470512705,0.0,0.0,0.0
compass,EGB_XGB_GA2M_CYCLIC_CYCLIC,0.20418144630832313,0.0005618671628216,0.20474331347114472,0.7425947649396768,5,0.5,116.21176967620849,5,42,926,0.0023608502806231352,4.9597355712187813e-05,0.002349703792582527,0.006845869699193324,0.0,0.0,6.0821756338731605,0.0,0.0,0.0
compass,EGB_XGB_GA2M_CYCLIC_RANDOM_BEST_FIT,0.20412362788769434,0.00058857056318784,0.20471219845088226,0.7425669198748853,5,0.5,112.1775032043457,5,42,926,0.0023343055999551407,6.116801559461565e-05,0.002294935893985321,0.006716785825953897,0.0,0.0,4.225786253509125,0.0,0.0,0.0
compass,EGB_XGB_GA2M_CYCLIC_RANDOM_CYCLIC_RANDOM,0.20417194069544253,0.0005584530218775,0.20473039371732002,0.7427038874908869,5,0.5,118.27452721595765,5,42,926,0.002351938995572533,5.3736944436881655e-05,0.0023328084348023764,0.006742285866846527,0.0,0.0,7.006633572042489,0.0,0.0,0.0
compass,EGB_XGB_GAM_BEST_FIT_BEST_FIT,0.20374354158660965,0.00047428150881214,0.2042178230954219,0.7443217233837399,5,0.5,29.82726125717163,5,42,926,0.0026370952228127378,4.555199143305638e-05,0.002617558778042253,0.007672911917302265,0.0,0.0,2.3594340736680812,0.0,0.0,0.0
compass,EGB_XGB_GAM_CYCLIC_CYCLIC,0.20444544774162007,0.00044986628084478,0.20489531402246497,0.7423498976976083,5,0.5,72.11399598121643,5,42,926,0.0024779312858737128,5.505516573454059e-05,0.0024973656730668415,0.007407100602720708,0.0,0.0,4.136814934845086,0.0,0.0,0.0
compass,EGB_XGB_GAM_CYCLIC_RANDOM_CYCLIC_RANDOM,0.20442738827835752,0.00045210658677547995,0.20487949486513296,0.7423390795136521,5,0.5,74.56534776687622,5,42,926,0.002499495250092574,5.1062523814165213e-05,0.0025178213258144314,0.007420279778457454,0.0,0.0,6.190297134319656,0.0,0.0,0.0
compass,Spline,0.2037082558220995,0.00038717892980265226,0.20409543475190217,0.7439033889137132,5,0.5,0.5213383674621582,5,42,926,0.002618283038272229,2.9000563047276765e-05,0.002608461737615125,0.00738044705749159,0.0,0.0,0.04901399579672264,0.0,0.0,0.0
compass,XGB,0.20699027691668861,0.004715034272521734,0.21170531074170892,0.7261785941064415,5,0.5,0.19662942886352539,5,42,926,0.0021475639186219857,0.0005565908610521053,0.0021183870876986754,0.006247466871967075,0.0,0.0,0.01264749075903334,0.0,0.0,0.0
concrete,EBM_GA2M,19.309373522601522,4.390780102590074,23.700153625191593,-4.851980874127683,5,0.5,129.5837354183197,5,42,155,3.048661743162899,0.5770100761656135,3.3400708016589182,0.3405473357623126,0.0,0.0,18.108040575577636,0.0,0.0,0.0
concrete,EBM_GAM,26.745601595956618,3.7036768306735985,30.44927842663022,-5.507621943778929,5,0.5,5.945215845108033,5,42,155,3.2321257884473957,0.5732167572847959,3.3535525759797133,0.30142139857155875,0.0,0.0,0.4032423142745301,0.0,0.0,0.0
concrete,EGB_XGB_GA2M_BEST_FIT_BEST_FIT,18.276716344851916,3.951965605564955,22.22868195041687,-4.702996829535499,5,0.5,374.6207145690918,5,42,155,2.230834482252995,0.8304418446017198,2.911071183122148,0.3021295589930972,0.0,0.0,19.805235792049455,0.0,0.0,0.0
concrete,EGB_XGB_GA2M_CYCLIC_BEST_FIT,19.29074210651445,4.498645345601828,23.78938745211628,-4.861438451114282,5,0.5,458.3271065235138,5,42,155,2.938044898506651,0.7457936954688305,3.371157735621341,0.3441181410586821,0.0,0.0,33.52188766488595,0.0,0.0,0.0
concrete,EGB_XGB_GA2M_CYCLIC_CYCLIC,19.687093311802307,4.427405385412551,24.114498697214863,-4.894399004013751,5,0.5,530.7374187469483,5,42,155,2.9949110780513473,0.7572454780461724,3.408798291179132,0.3457068138730704,0.0,0.0,57.21389839832589,0.0,0.0,0.0
concrete,EGB_XGB_GA2M_CYCLIC_RANDOM_BEST_FIT,19.329050749476274,4.5662143579598595,23.89526510743613,-4.871638658765121,5,0.5,471.1427294254303,5,42,155,2.906459959907938,0.8148162070358882,3.3888834884146464,0.34538552551761115,0.0,0.0,33.78713301818254,0.0,0.0,0.0
concrete,EGB_XGB_GA2M_CYCLIC_RANDOM_CYCLIC_RANDOM,19.694405835601234,4.44461571640165,24.139021552002887,-4.896940788759844,5,0.5,531.9898670673371,5,42,155,2.969884442734924,0.800079990422665,3.4219293548917897,0.34622109256283873,0.0,0.0,66.40144133857441,0.0,0.0,0.0
concrete,EGB_XGB_GAM_BEST_FIT_BEST_FIT,25.003351965555545,3.134630270406403,28.13798223596195,-5.295151769217992,5,0.5,113.63013877868653,5,42,155,2.5506686849735076,0.6530603611123917,3.048550739372463,0.28178812818992444,0.0,0.0,11.963500234919156,0.0,0.0,0.0
concrete,EGB_XGB_GAM_CYCLIC_CYCLIC,26.063651091556927,3.745892660531829,29.809543752088757,-5.448053820799893,5,0.5,147.22402119636536,5,42,155,3.17164635828502,0.5969454627339349,3.4020033257436433,0.30792647054804034,0.0,0.0,10.849102674707796,0.0,0.0,0.0
concrete,EGB_XGB_GAM_CYCLIC_RANDOM_CYCLIC_RANDOM,26.027951139326,3.7389833649566393,29.76693450428265,-5.443975403001039,5,0.5,151.33101663589477,5,42,155,3.177819604434703,0.5722797285312049,3.3957220874160323,0.3075117065177473,0.0,0.0,12.86811816992043,0.0,0.0,0.0
concrete,Spline,26.64880309914874,3.3596938556938225,30.00849695484256,-5.47162603498689,5,0.5,0.5642552375793457,5,42,155,2.0127664038493434,0.6398599096593628,1.9480202441374606,0.17849881759280115,0.0,0.0,0.01223576371137639,0.0,0.0,0.0
concrete,XGB,22.74385678489251,9.107599639892578,31.851455869985227,-5.615984777111688,5,0.5,0.7734735012054443,5,42,155,5.396737196550629,0.516644499095905,5.554236138231596,0.46843382891908014,0.0,0.0,0.14419778336712144,0.0,0.0,0.0
fico,EBM_GA2M,10.588922741839369,0.3887312144799772,10.977653956319347,-3.3124643738081723,5,0.5,35.94164681434631,5,42,1480,0.5112579963286538,0.026519721745023088,0.509088556986053,0.07683500649667752,0.0,0.0,0.8782483986519797,0.0,0.0,0.0
fico,EBM_GAM,12.51539985885471,0.3142927014394527,12.82969256029416,-3.5808512277486093,5,0.5,18.368282127380372,5,42,1480,0.6639538364108855,0.027094354297888614,0.6593587900149979,0.09201252452436984,0.0,0.0,0.8558869996599674,0.0,0.0,0.0
fico,EGB_XGB_GA2M_BEST_FIT_BEST_FIT,10.502528890198395,0.3420859990831554,10.844614889281548,-3.292147585263245,5,0.5,503.17082142829895,5,42,1480,0.5699832539871856,0.022574820420212895,0.5571415151310581,0.08491174918818,0.0,0.0,22.81802870732592,0.0,0.0,0.0
fico,EGB_XGB_GA2M_CYCLIC_BEST_FIT,10.649176412913393,0.4298436437026488,11.079020056616042,-3.327829885560701,5,0.5,845.7174444675445,5,42,1480,0.4611513056035937,0.01777731777804456,0.46396850648060134,0.0700935925394154,0.0,0.0,48.79917212132492,0.0,0.0,0.0
fico,EGB_XGB_GA2M_CYCLIC_CYCLIC,10.606967944808202,0.4251958966593706,11.032163841467574,-3.3207951439762224,5,0.5,793.126829624176,5,42,1480,0.45860787866046004,0.03049799098726744,0.46565179047771316,0.07036985694978538,0.0,0.0,19.126099101670142,0.0,0.0,0.0
fico,EGB_XGB_GA2M_CYCLIC_RANDOM_BEST_FIT,10.631415753676757,0.4351371261801081,11.066552879856863,-3.32599895134299,5,0.5,814.9321936607361,5,42,1480,0.45378186173768603,0.02747410431814965,0.45882019203332347,0.06935313903981163,0.0,0.0,29.288640392091548,0.0,0.0,0.0
fico,EGB_XGB_GA2M_CYCLIC_RANDOM_CYCLIC_RANDOM,10.600800196755154,0.42615926303138163,11.026959459786534,-3.319944207444138,5,0.5,792.9607796669006,5,42,1480,0.47942068258793374,0.031019887357027914,0.4845922577748478,0.07333635961359126,0.0,0.0,19.942752948288913,0.0,0.0,0.0
fico,EGB_XGB_GAM_BEST_FIT_BEST_FIT,12.411538442191233,0.24026610888425637,12.651804551075491,-3.555748766931373,5,0.5,294.5364185810089,5,42,1480,0.7210465530954957,0.02931276548229201,0.7208311607703918,0.10161272758614663,0.0,0.0,17.170163745079236,0.0,0.0,0.0
fico,EGB_XGB_GAM_CYCLIC_CYCLIC,12.475050349867681,0.33225516367795543,12.807305513545634,-3.577719013118233,5,0.5,585.6421684265136,5,42,1480,0.6672306728014447,0.033600411733044795,0.6650547525715036,0.09284283536602604,0.0,0.0,24.37421961943054,0.0,0.0,0.0
fico,EGB_XGB_GAM_CYCLIC_RANDOM_CYCLIC_RANDOM,12.476409179781458,0.33071061329798507,12.807119793079442,-3.5776926735555548,5,0.5,567.3485778331757,5,42,1480,0.6685123568116956,0.03314042242618785,0.6652565337030105,0.0928701483739906,0.0,0.0,14.366320483577306,0.0,0.0,0.0
fico,EGB_XGB_GAM_RANDOM_RANDOM,12.471418250681326,0.33918001468411674,12.810598265365442,-3.5781810499690274,5,0.5,95.56693601608276,5,42,1480,0.6678917065207773,0.037080985986978995,0.6654312188249437,0.09286100317868322,0.0,0.0,3.247331409877976,0.0,0.0,0.0
fico,Spline,12.429613412404958,0.5655698222753376,12.995183234680297,-3.6033861001882777,5,0.5,4.541070127487183,5,42,1480,0.632459098268299,0.5383206635964299,0.41051407411910407,0.05678582291174793,0.0,0.0,0.0956746787713098,0.0,0.0,0.0
fico,XGB,10.209093303634448,1.085507607460022,11.294600828342771,-3.3602518171272004,5,0.5,1.0433389663696289,5,42,1480,0.37477916019753965,0.06181845130966406,0.3713192824901489,0.05554991777063361,0.0,0.0,0.17358932566728255,0.0,0.0,0.0
heart,EGB_XGB_GAM_BEST_FIT_BEST_FIT,0.1496461934306208,0.007664380836337581,0.15731057426695844,0.8502857142857143,5,0.5,8.943847608566283,5,42,46,0.030442315416280723,0.0010476336724295492,0.030483390199253627,0.053669011652827926,0.0,0.0,1.0305385069666066,0.0,0.0,0.0
heart,EGB_XGB_GAM_CYCLIC_RANDOM_CYCLIC_RANDOM,0.14758718599620224,0.0051727439142628595,0.15275992991046516,0.8579809523809523,5,0.5,36.19902205467224,5,42,46,0.02710242312707101,0.0007999341747991977,0.02717665313974021,0.052553067877248165,0.0,0.0,9.690399165683454,0.0,0.0,0.0
support2,EBM_GA2M,0.13950361670369177,0.0018903472655277,0.1413939639692195,0.8182264799803487,5,0.5,22.586310338974,5,42,1366,0.004928495383203774,0.00015885707611723026,0.004983638417067031,0.013215510101516562,0.0,0.0,1.4486233776670885,0.0,0.0,0.0
support2,EBM_GAM,0.1430672137304627,0.0010179805451474599,0.14408519427561023,0.8118689846140104,5,0.5,7.988324403762817,5,42,1366,0.0048240174749928574,9.732218886381584e-05,0.0048335945444240155,0.01402230694824282,0.0,0.0,0.295563570197929,0.0,0.0,0.0
support2,EGB_XGB_GA2M_BEST_FIT_BEST_FIT,0.14015238945315253,0.0015711155361923398,0.1417235049893449,0.8161800763716756,5,0.5,222.21226019859313,5,42,1366,0.005256633641739363,9.712037773059284e-05,0.005315914566694884,0.013982143681528022,0.0,0.0,6.195801946391539,0.0,0.0,0.0
support2,EGB_XGB_GA2M_CYCLIC_BEST_FIT,0.14079869064610634,0.001888156135959946,0.14268684678206628,0.8144626069091803,5,0.5,291.2115654468536,5,42,1366,0.00525305895286987,0.00023174619092583622,0.005404449937259604,0.013541891012483034,0.0,0.0,8.185554979974505,0.0,0.0,0.0
support2,EGB_XGB_GA2M_CYCLIC_CYCLIC,0.14059118140518226,0.0021094360832550198,0.14270061748843732,0.8144081195149727,5,0.5,306.56473288536074,5,42,1366,0.005252582711160219,0.00030161742436957026,0.005434321867952456,0.013647743309904228,0.0,0.0,8.070545754023255,0.0,0.0,0.0
support2,EGB_XGB_GA2M_CYCLIC_RANDOM_CYCLIC_RANDOM,0.14060657097266804,0.00206632449925332,0.14267289547192147,0.8148299502020947,5,0.5,302.03650493621825,5,42,1366,0.005302811800628117,0.00021152371722097982,0.005445290625211769,0.013601512642841854,0.0,0.0,14.269500423055815,0.0,0.0,0.0
support2,EGB_XGB_GAM_BEST_FIT_BEST_FIT,0.14149899450312106,0.0009103121968073001,0.14240930669992838,0.8150015631629486,5,0.5,136.0267472267151,5,42,1366,0.0051376253924110896,0.00010231916589195854,0.005161857086307031,0.014487577219306115,0.0,0.0,3.7184325901588995,0.0,0.0,0.0
support2,EGB_XGB_GAM_CYCLIC_CYCLIC,0.14270750900661594,0.0012295757517496201,0.14393708475836559,0.8117462763225476,5,0.5,207.46608610153197,5,42,1366,0.005097919420627757,0.00014309153822264956,0.005145017386228323,0.014283180677215833,0.0,0.0,3.1424074586814132,0.0,0.0,0.0
support2,EGB_XGB_GAM_CYCLIC_RANDOM_CYCLIC_RANDOM,0.1426962562958611,0.00123019146948028,0.14392644776534147,0.8117801076349345,5,0.5,219.63947224617004,5,42,1366,0.005098465966981058,0.00013010628835889465,0.005139258051750839,0.014266115777374813,0.0,0.0,4.488999525157868,0.0,0.0,0.0
support2,Spline,0.14186502881641458,0.002775082164526649,0.14464011098094123,0.8082070520979879,5,0.5,48.719971895217896,5,42,1366,0.005661674048489901,0.00010349068326367117,0.005737829210385336,0.01404686028283197,0.0,0.0,79.94517152994389,0.0,0.0,0.0
support2,XGB,0.13865804654458405,0.006742369383573532,0.14540041614846583,0.8107225162457293,5,0.5,0.5414177894592285,5,42,1366,0.00556619208108121,0.00040485795275498347,0.005741662066851303,0.012634605461728463,0.0,0.0,0.016653122679487774,0.0,0.0,0.0
synthetic_corr,EBM_GA2M,0.00278599117297508,0.0008106868287845799,0.0035966780017596804,-0.05924456206123604,5,0.5,49.14653148651123,5,42,150,0.0006988901183034982,0.00017271190468086004,0.0008504974924604109,0.007226987238424166,0.0,0.0,1.9558346602381715,0.0,0.0,0.0
synthetic_corr,EBM_GAM,0.00912899284824888,0.0008528591606030998,0.00998185200885208,-0.09963382557621303,5,0.5,2.3868639945983885,5,42,150,0.0011213646869587285,0.00019282349155752923,0.001278019846230626,0.006499945546853333,0.0,0.0,0.14310910231186658,0.0,0.0,0.0
synthetic_corr,EGB_XGB_GA2M_BEST_FIT_BEST_FIT,0.00268139728936698,0.00071926192954702,0.00340065921891406,-0.057393049137139864,5,0.5,180.33102712631225,5,42,150,0.0008568825679642427,0.0001343973541632104,0.000984370364740744,0.00871204182441386,0.0,0.0,13.555062629429147,0.0,0.0,0.0
synthetic_corr,EGB_XGB_GA2M_CYCLIC_BEST_FIT,0.0023500004989134003,0.0007330463132624999,0.00308304681217594,-0.05473523130098627,5,0.5,200.55839953422546,5,42,150,0.0006794725863781856,0.00011962575548192404,0.0007935326349396964,0.007237197932956383,0.0,0.0,20.36262433142453,0.0,0.0,0.0
synthetic_corr,EGB_XGB_GA2M_CYCLIC_CYCLIC,0.0026095698526514798,0.0007881017480628999,0.00339767160071444,-0.05764363037088862,5,0.5,275.3667051792145,5,42,150,0.0006536693244471296,0.00011791453037731719,0.0007713246234222938,0.00669443357665614,0.0,0.0,19.072599270384178,0.0,0.0,0.0
synthetic_corr,EGB_XGB_GA2M_CYCLIC_RANDOM_BEST_FIT,0.0023475923502358402,0.0007388367993032,0.00308642914953906,-0.0547677807837222,5,0.5,198.16361646652223,5,42,150,0.0006815610948239337,0.00012366660442558123,0.0008036455570085011,0.007332508783674767,0.0,0.0,18.914890199613023,0.0,0.0,0.0
synthetic_corr,EGB_XGB_GA2M_CYCLIC_RANDOM_CYCLIC_RANDOM,0.0026109618577857797,0.00078470748798656,0.0033956693457724,-0.057623314176689346,5,0.5,274.6406563282013,5,42,150,0.0006562293907245826,0.00011844574877955324,0.0007744651800972743,0.00670968765992723,0.0,0.0,18.718360210402114,0.0,0.0,0.0
synthetic_corr,EGB_XGB_GAM_BEST_FIT_BEST_FIT,0.009429472058672261,0.0008034197485620599,0.0102328918072344,-0.10091173573835328,5,0.5,47.175582361221316,5,42,150,0.0011763764745574754,0.00015289441260680025,0.0013240109441738004,0.006766140959863455,0.0,0.0,2.9090643604645487,0.0,0.0,0.0
synthetic_corr,EGB_XGB_GAM_CYCLIC_CYCLIC,0.00885055565158956,0.0008545440468986599,0.00970509969848824,-0.09828933410967222,5,0.5,51.60267815589905,5,42,150,0.0010141944567978703,0.00015551232420595235,0.0011452919782443602,0.005924508973656881,0.0,0.0,3.3707655987026386,0.0,0.0,0.0
synthetic_corr,EGB_XGB_GAM_CYCLIC_RANDOM_CYCLIC_RANDOM,0.008849083404452281,0.0008554060305266001,0.009704489434978921,-0.09828600252753303,5,0.5,53.32077827453613,5,42,150,0.0010032846857865295,0.00016212073104014628,0.001137684152278091,0.00588361293562848,0.0,0.0,5.304961830245372,0.0,0.0,0.0
synthetic_corr,EGB_XGB_GAM_RANDOM_RANDOM,0.00872432379460172,0.00091453422908114,0.0096388580236829,-0.097964968847302,5,0.5,10.628769731521606,5,42,150,0.0009524285765405579,0.00016588911418851464,0.00108674576297081,0.005659388102581061,0.0,0.0,0.9519191678682286,0.0,0.0,0.0
synthetic_corr,Spline,0.010594733318111732,0.00039150113414608437,0.010986234452257816,-0.10459624392489508,5,0.5,0.5329613208770752,5,42,150,0.0014728994515626512,6.219966224237608e-05,0.0014872146983907733,0.007235320427719653,0.0,0.0,0.07027702595407732,0.0,0.0,0.0
synthetic_corr,XGB,0.003490832773452223,0.0021023400360718368,0.005593172683490126,-0.07411174896634848,5,0.5,81.33965239524841,5,42,150,0.0009246215979260708,0.0002888364104335012,0.0011923128104190436,0.008119121987350847,0.0,0.0,103.1992317218374,0.0,0.0,0.0
wine,EBM_GA2M,0.4841759645384819,0.01465244429271366,0.4988284088311955,-0.7062024695431964,5,0.5,36.03945260047912,5,42,735,0.01335807985290725,0.0011863534184891132,0.01289669037577959,0.009154056162351187,0.0,0.0,2.336655770919615,0.0,0.0,0.0
wine,EBM_GAM,0.515820342916548,0.00930855265453356,0.5251288955710816,-0.7245561140824311,5,0.5,3.3538372039794924,5,42,735,0.018632436410950873,0.0011308685325428357,0.018365496715484934,0.01274852994922785,0.0,0.0,0.20948186142781244,0.0,0.0,0.0
wine,EGB_XGB_GA2M_CYCLIC_BEST_FIT,0.4835213601223659,0.017426580272585097,0.5009479403949509,-0.7076978622029004,5,0.5,198.76771569252014,5,42,735,0.012540795702113654,0.0018862220313779873,0.011768829239294808,0.008325300408280695,0.0,0.0,13.045596301679169,0.0,0.0,0.0
wine,EGB_XGB_GA2M_CYCLIC_CYCLIC,0.4826049855626996,0.01710887668515333,0.49971386224785286,-0.7068350347075791,5,0.5,212.52111868858339,5,42,735,0.012163623773617526,0.0016764452470027216,0.011582938263124539,0.008199649413029536,0.0,0.0,8.726607627275403,0.0,0.0,0.0
wine,EGB_XGB_GAM_BEST_FIT_BEST_FIT,0.5166779171647734,0.008516816273640641,0.5251947334384142,-0.724613327238689,5,0.5,73.08724765777588,5,42,735,0.016838229975637383,0.000814002246512337,0.016954028824286413,0.011742806792223965,0.0,0.0,4.672570095934441,0.0,0.0,0.0
wine,EGB_XGB_GAM_CYCLIC_CYCLIC,0.5135862573283566,0.01016242355036288,0.5237486808787196,-0.7236211269245518,5,0.5,93.78625769615174,5,42,735,0.016330296314358148,0.0014143982283768522,0.016044122733938668,0.011133972786342062,0.0,0.0,6.383451221044769,0.0,0.0,0.0
wine,EGB_XGB_GAM_CYCLIC_RANDOM_CYCLIC_RANDOM,0.5134761928074949,0.01013777561927844,0.5236139684267733,-0.7235278954203508,5,0.5,100.38757262229919,5,42,735,0.016160025557251816,0.00131939364961214,0.015998751526869668,0.011100826825209515,0.0,0.0,4.4986913844910354,0.0,0.0,0.0
wine,Spline,0.5579578015649843,0.0661806954858188,0.6241384970508032,-0.7774072706283864,5,0.5,1.144555425643921,5,42,735,0.06352482383124612,0.08591383659432791,0.14796621458093426,0.07305095848055276,0.0,0.0,0.016305975430785696,0.0,0.0,0.0
wine,XGB,0.4456932051460242,0.05027696415781975,0.49597015393505295,-0.7041733590840171,5,0.5,0.5300248622894287,5,42,735,0.013133887845662698,0.007892604622547835,0.006757432285139008,0.004770717943923434,0.0,0.0,0.10792852331277206,0.0,0.0,0.0
