,param_index,SCONE_QUEUES,SCONE_SLOTS,SCONE_SSPINS,SCONE_SSLEEP,wiredTigerCacheSizeGB,throughput,latency,failed,time,param_iter
0,2,4,1390,1204,1301,54,8984.403076259614,109.899141,0.0,111304.0,2
1,2,4,1390,1204,1301,54,9277.470590418228,106.346867,0.0,107788.0,3
2,2,4,1390,1204,1301,54,580.7369551961439,193.62780230214756,87982.0,1721950.0,4
3,2,4,1390,1204,1301,54,4362.164331454695,227.501468,0.0,229244.0,1
4,2,4,1390,1204,1301,54,1447.1612484949524,597.7307373367424,73856.0,691008.0,0
5,3,3,190,967,4364,88,745.4764489080261,189.53758242232607,73370.0,1341424.0,0
6,5,5,670,1442,3139,20,1059.2715389626553,189.03670594174625,65056.0,944045.0,0
7,6,1,1630,492,689,65,1738.5196852583963,191.57453339415366,52948.0,575202.0,0
8,7,1,160,1531,3521,39,214.4108536489404,1310.3801607599562,742722.0,4663943.0,1
9,7,1,160,1531,3521,39,5540.964349435376,178.577731,0.0,180474.0,0
10,10,3,1600,1056,2296,16,226.6399382632808,1533.3353908453014,756016.0,4412285.0,0
11,11,4,880,818,2909,72,235.6531976725005,1852.823236314443,776023.0,4243524.0,0
12,12,7,1840,1768,459,27,264.52185294383725,1721.0758397171478,779390.0,3780406.0,0
13,14,2,1360,343,1684,95,295.3017201029894,1887.927410910159,788949.0,3386367.0,0
14,15,3,760,1174,153,78,320.5418953065294,1836.5634425248302,777791.0,3119717.0,0
15,18,4,1240,1649,3828,55,319.5914343103776,881.1392189779876,681315.0,3128995.0,1
16,19,4,520,462,765,22,365.1860805673531,894.9991915977699,689511.0,2738330.0,0
17,20,7,1480,1412,3215,67,498.9068949930702,422.06086092738155,422158.0,2004382.0,1
18,21,5,1000,1887,1990,89,1074.4727830671686,147.02995904956595,83282.0,930689.0,2
19,22,2,1960,937,4440,44,1827.6156378104433,145.622162456307,75653.0,547161.0,0
20,23,2,1060,284,4287,19,11283.625203105254,87.165679,0.0,88624.0,2
21,23,2,1060,284,4287,19,331.6381098617567,394.13440583818664,183034.0,3015335.0,7
22,23,2,1060,284,4287,19,10996.624036420819,89.530031,0.0,90937.0,4
23,23,2,1060,284,4287,19,10475.26266721138,94.056319,0.0,95463.0,3
24,23,2,1060,284,4287,19,11303.266644060133,87.014968,0.0,88470.0,6
25,23,2,1060,284,4287,19,8052.632002770106,122.231723,0.0,124183.0,0
26,23,2,1060,284,4287,19,10941.517588489523,89.985677,0.0,91395.0,1
27,23,2,1060,284,4287,19,11563.634681653137,85.030115,0.0,86478.0,5
28,26,3,1540,759,612,41,378.1271588697477,389.1769700303734,145635.0,2644613.0,0
29,27,4,340,1471,4900,98,440.45276782721567,389.1085519848771,140375.0,2270391.0,0
30,28,8,1300,521,2450,53,524.4297743955553,383.1667236982494,108681.0,1906833.0,0
31,30,2,1780,1946,1225,75,653.3671603291141,381.6252923207505,95172.0,1530533.0,0
32,31,2,460,640,2143,58,869.4442512346109,377.6977458815854,80350.0,1150160.0,0
33,34,4,1900,165,3368,81,1353.7111992527514,369.76364850605444,55153.0,738710.0,0
34,35,3,700,1827,1531,47,5561.766194472717,178.361035,0.0,179799.0,4
35,35,3,700,1827,1531,47,5538.0491668005025,179.114908,0.0,180569.0,6
36,35,3,700,1827,1531,47,3034.2475521207875,327.359707,0.0,329571.0,0
37,35,3,700,1827,1531,47,5600.232969691539,177.054704,0.0,178564.0,5
38,35,3,700,1827,1531,47,5549.266386983641,178.70491,0.0,180204.0,1
39,35,3,700,1827,1531,47,5647.77110713257,175.602361,0.0,177061.0,2
40,35,3,700,1827,1531,47,5533.4524870102205,179.260834,0.0,180719.0,7
41,35,3,700,1827,1531,47,5409.060175794456,183.441363,0.0,184875.0,9
42,35,3,700,1827,1531,47,5579.796672209265,177.723416,0.0,179218.0,8
43,35,3,700,1827,1531,47,5405.989836739107,183.579664,0.0,184980.0,3
44,37,5,220,402,306,70,8240.830016399252,119.929555,0.0,121347.0,0
45,37,5,220,402,306,70,8023.106546854942,123.252568,0.0,124640.0,3
46,37,5,220,402,306,70,7815.980553840382,126.610766,0.0,127943.0,1
47,37,5,220,402,306,70,8473.858147614608,116.684098,0.0,118010.0,5
48,37,5,220,402,306,70,8034.451729014012,123.13016,0.0,124464.0,8
49,37,5,220,402,306,70,8105.107027938304,121.983352,0.0,123379.0,9
50,37,5,220,402,306,70,8622.324923692424,114.612471,0.0,115978.0,2
51,37,5,220,402,306,70,8329.723786359244,118.635298,0.0,120052.0,7
52,37,5,220,402,306,70,8278.14569536424,119.423273,0.0,120800.0,6
53,37,5,220,402,306,70,8131.734092295182,121.400859,0.0,122975.0,4
54,38,1,1180,1352,2756,25,11466.706417915582,85.819106,0.0,87209.0,3
55,38,1,1180,1352,2756,25,10471.204188481675,94.087206,0.0,95500.0,0
56,38,1,1180,1352,2756,25,11322.335571381665,86.921311,0.0,88321.0,2
57,38,1,1180,1352,2756,25,10963.950530655206,89.812123,0.0,91208.0,1
58,38,1,1180,1352,2756,25,740.0839847305872,207.406585769597,140966.0,1351198.0,4
59,39,1,415,447,4555,84,1009.5350586287485,201.19918627452054,87653.0,990555.0,0
60,42,3,1855,922,880,62,1642.3678345544338,199.5737739615498,69238.0,608877.0,0
61,43,4,655,1159,3942,28,5592.903723755299,176.797292,0.0,178798.0,0
62,43,4,655,1159,3942,28,170.4681344768563,586.0063442670702,577729.0,5866199.0,3
63,43,4,655,1159,3942,28,7990.092285565898,123.617912,0.0,125155.0,1
64,43,4,655,1159,3942,28,7642.689003699062,129.38099,0.0,130844.0,2
65,44,7,1615,209,1492,73,182.0391442412645,551.5164093306306,549098.0,5493324.0,0
66,46,2,1135,1634,267,51,195.53660327891419,582.6373649522333,553769.0,5114132.0,0
67,47,2,1015,1041,1799,34,210.83266675071863,542.6841491156463,540625.0,4743098.0,0
68,50,4,1495,566,3024,11,229.5725748928872,510.2956959003217,475593.0,4355921.0,0
69,51,3,295,1753,2411,67,252.33549113822988,546.7011336148502,470014.0,3962978.0,0
70,53,5,775,328,1186,45,281.1459847714466,528.9869209843581,523588.0,3556871.0,0
71,54,2,1735,1278,3636,90,314.511992185006,553.5209569149908,513311.0,3179529.0,0
72,55,2,835,1931,2564,65,368.88798716269804,458.471770993088,386429.0,2710850.0,0
73,58,4,1315,1456,1339,87,429.9255712850991,426.30974916401055,361535.0,2325984.0,0
74,59,4,595,744,3177,53,542.2264250794904,391.0077104740924,331818.0,1844248.0,0
75,60,8,1555,1694,727,98,853.89731543223,284.1711358783525,189790.0,1171101.0,0
76,62,3,2035,269,1952,31,1593.2877971680903,247.4234908765607,65484.0,627633.0,0
77,63,2,235,1338,1033,14,6178.1405032713255,160.447119,0.0,161861.0,4
78,63,2,235,1338,1033,14,6034.56599401371,164.317946,0.0,165712.0,3
79,63,2,235,1338,1033,14,195.87483676280792,537.3619394425174,276390.0,5105301.0,5
80,63,2,235,1338,1033,14,5864.1396134359165,169.094167,0.0,170528.0,2
81,63,2,235,1338,1033,14,6559.097468188377,151.051226,0.0,152460.0,1
82,63,2,235,1338,1033,14,4419.127752564199,224.114313,0.0,226289.0,0
83,66,4,1675,1813,4708,36,211.89327274880878,538.5319995424798,274349.0,4719357.0,0
84,67,3,955,150,421,93,228.42059266463815,545.1750875218548,269611.0,4377889.0,0
85,69,5,475,1575,1646,25,251.62170186854277,546.9432937130404,271333.0,3974220.0,0
86,70,1,1435,625,4096,70,277.12299771706074,533.1688328974251,248695.0,3608506.0,0
87,71,1,865,1427,2488,46,309.8535601089569,542.0120346192032,237533.0,3227331.0,0
88,74,3,1345,1902,3713,24,354.39025738655613,535.2470549084001,224727.0,2821748.0,0
89,75,4,145,239,1875,58,411.03683218845873,536.4938984199422,244458.0,2432872.0,0
90,76,7,1105,1189,4325,13,496.92033621629946,496.0148376884241,166110.0,2012395.0,0
91,78,2,1585,714,3100,80,615.6702863975038,485.3247068488624,140631.0,1624246.0,0
92,79,3,505,1783,4019,97,808.1748502452002,485.4414892506178,138090.0,1237356.0,0
93,82,4,1945,1308,344,74,1174.892086161886,479.7402559776986,123283.0,851142.0,0
94,83,3,745,595,4632,18,2207.8076911188728,438.96300755019706,61349.0,452938.0,0
95,83,3,745,595,4632,18,9684.385864670392,101.487109,0.0,103259.0,1
96,83,3,745,595,4632,18,10348.32460624625,95.284249,0.0,96634.0,2
97,83,3,745,595,4632,18,247.44365955315635,454.79519796342737,500337.0,4041324.0,3
98,85,5,265,1070,3407,86,272.48112318898825,425.9493334800993,473084.0,3669979.0,0
99,86,2,1225,120,957,41,301.86054767162886,391.7020823338779,403842.0,3312788.0,0
100,87,2,325,892,497,27,338.78334093901935,363.6754614996311,356175.0,2951739.0,0
101,90,3,1765,417,4172,49,392.389372683186,398.85026979066555,376739.0,2548489.0,0
102,91,4,1045,1605,1110,83,464.7909254219721,369.89951567727695,386979.0,2151505.0,0
103,92,8,2005,655,3560,38,564.6935521031446,375.90473368796717,331705.0,1770872.0,0
104,94,2,1525,1130,4785,60,732.2718808330033,308.4981264199641,255703.0,1365613.0,0
105,95,2,685,536,3253,77,1098.367606063868,281.73824684019974,213637.0,910442.0,0
106,98,4,1165,1011,2028,100,204.0342051102815,1028.1283061870051,745515.0,4901139.0,9
107,98,4,1165,1011,2028,100,9641.06321645151,102.375008,0.0,103723.0,5
108,98,4,1165,1011,2028,100,10004.602116973809,98.612395,0.0,99954.0,3
109,98,4,1165,1011,2028,100,9311.33375544713,105.983485,0.0,107396.0,2
110,98,4,1165,1011,2028,100,9361.630421554219,105.455713,0.0,106819.0,6
111,98,4,1165,1011,2028,100,9532.979342033766,103.438077,0.0,104899.0,4
112,98,4,1165,1011,2028,100,13679.516292303904,73.82545452196675,380723.0,73102.0,7
113,98,4,1165,1011,2028,100,6236.669119756521,158.330627,0.0,160342.0,1
114,98,4,1165,1011,2028,100,10118.180346446496,97.390176,0.0,98832.0,8
115,99,3,445,1249,2641,43,235.2519937018336,654.6682285742988,721281.0,4250761.0,0
116,101,5,925,774,3866,66,244.65137057367565,972.9582981098316,756318.0,4087449.0,0
117,102,1,1885,1724,1416,21,231.58971750917848,1106.3078544061302,770320.0,4317981.0,0
118,103,1,287,1211,4230,61,252.77592198121724,1229.11490336684,781338.0,3956073.0,0
119,106,3,1727,1686,555,84,186.13343161178523,1052.952811656043,733769.0,5372490.0,1
120,107,4,1007,499,4842,50,200.96115702180387,1080.9374878483159,742834.0,4976086.0,0
121,108,7,1967,1449,2392,95,193.75785809213224,1330.508934535186,697578.0,5161081.0,0
122,109,5,527,1924,3617,73,191.50297471145768,1616.3601683747036,742004.0,5221851.0,0
123,110,2,1487,974,1167,28,204.61178596625052,1673.4764632319361,765707.0,4887304.0,0
124,111,2,647,1568,2086,11,187.73536147599043,1367.3040694343363,741684.0,5326647.0,2
125,114,4,1127,1093,3311,33,204.42669657292953,1027.256024536696,637441.0,4891729.0,0
126,115,3,407,855,1473,90,222.43724489228475,1092.735387150314,667416.0,4495650.0,0
127,117,5,887,1330,248,22,245.62601474247342,1141.0602519922463,665704.0,4071230.0,0
128,118,2,1847,380,2698,67,268.50178687939166,907.8674812862271,559549.0,3724370.0,0
129,119,2,947,677,3770,87,304.1855629273237,904.2821428140134,585965.0,3287467.0,0
130,122,4,1427,202,2545,64,386.76400743205716,397.08095053884017,361499.0,2585556.0,1
131,123,4,227,1865,3158,30,461.2354653173992,402.0792338314838,422999.0,2168090.0,0
132,124,8,1187,915,708,75,608.2532669282966,315.4335711089328,249152.0,1644052.0,0
133,126,3,1667,1390,1933,53,822.9233529189091,292.1489804446852,184007.0,1215180.0,0
134,127,2,587,321,401,36,1650.712530063602,209.26975223058244,57309.0,605799.0,0
135,130,4,2027,796,4076,14,4758.80021129073,208.68447,0.0,210137.0,1
136,130,4,2027,796,4076,14,4813.315556154546,206.319967,0.0,207757.0,3
137,130,4,2027,796,4076,14,4772.404050816558,208.096946,0.0,209538.0,5
138,130,4,2027,796,4076,14,4852.767047770639,204.63504,0.0,206068.0,2
139,130,4,2027,796,4076,14,4969.512043612438,199.210368,0.0,201227.0,0
140,130,4,2027,796,4076,14,229.89060655487086,626.9241230502731,736758.0,4349895.0,6
141,130,4,2027,796,4076,14,4800.998607710404,206.835273,0.0,208290.0,4
142,131,3,827,1508,1014,70,250.39092282826562,508.32957036872995,638760.0,3993755.0,0
143,133,5,347,1033,2239,47,277.3499654560618,497.16619942537363,626888.0,3605553.0,0
144,134,1,1307,1983,4689,92,311.0024261299262,497.55564458963846,610636.0,3215409.0,0
145,135,1,737,172,1397,23,352.07833602145143,527.9592089033027,639235.0,2840277.0,0
146,138,3,1217,647,2622,46,410.08665541115494,411.9894695178064,494705.0,2438509.0,0
147,139,4,497,1360,2009,80,489.06284310815084,476.69872429851466,601239.0,2044727.0,0
148,140,8,1457,410,4459,35,786.8953594419968,265.52751535531166,339805.0,1270817.0,1
149,142,2,1937,1835,3234,57,1806.968755703245,173.97886524838037,75551.0,553413.0,1
150,143,3,137,766,4766,74,9370.753877149416,105.301704,0.0,106715.0,7
151,143,3,137,766,4766,74,10305.3474447891,95.612482,0.0,97037.0,9
152,143,3,137,766,4766,74,6566.505568396722,150.449568,0.0,152288.0,0
153,143,3,137,766,4766,74,9581.205507276925,103.011224,0.0,104371.0,3
154,143,3,137,766,4766,74,9723.37012008362,101.386589,0.0,102845.0,4
155,143,3,137,766,4766,74,9744.024476989487,101.239911,0.0,102627.0,5
156,143,3,137,766,4766,74,9317.406779345172,105.902298,0.0,107326.0,6
157,143,3,137,766,4766,74,9553.653317028431,103.242455,0.0,104672.0,1
158,143,3,137,766,4766,74,9840.001574400252,100.145013,0.0,101626.0,8
159,143,3,137,766,4766,74,9390.376741914886,105.135056,0.0,106492.0,2
160,146,4,1577,291,1091,97,10141.679259251747,97.204287,0.0,98603.0,0
161,146,4,1577,291,1091,97,10227.040294538761,96.364525,0.0,97780.0,7
162,146,4,1577,291,1091,97,10395.658772896439,94.825708,0.0,96194.0,4
163,146,4,1577,291,1091,97,9910.606330895323,99.55389,0.0,100902.0,1
164,146,4,1577,291,1091,97,9798.637989319484,100.68895,0.0,102055.0,3
165,146,4,1577,291,1091,97,10512.152047767218,93.733403,0.0,95128.0,9
166,146,4,1577,291,1091,97,10148.47214751819,97.109481,0.0,98537.0,6
167,146,4,1577,291,1091,97,10262.409819073715,95.941951,0.0,97443.0,5
168,146,4,1577,291,1091,97,10357.971494862446,95.173385,0.0,96544.0,2
169,146,4,1577,291,1091,97,10449.32079414838,94.367853,0.0,95700.0,8
170,147,4,857,1954,4153,40,201.97413559614384,872.4960889936202,746229.0,4951129.0,0
171,148,7,1817,1004,1703,85,203.86121291713573,1136.894154674623,725165.0,4905298.0,0
172,149,5,377,529,2928,63,218.66464562223538,1166.946446473029,698750.0,4573213.0,0
173,150,2,1337,1479,478,18,237.55576027583075,1396.0889232975123,729396.0,4209538.0,0
174,151,2,437,1657,937,49,228.64370611326964,1491.1189066074876,708906.0,4373617.0,0
175,154,3,1877,1182,4612,26,246.32216377270967,1580.4342431761786,705004.0,4059724.0,0
176,155,4,677,944,325,60,269.09222813208555,1714.154239325446,719637.0,3716198.0,0
177,156,8,1637,1894,2775,15,301.21135157147984,1759.700100060751,720170.0,3319928.0,0
178,158,3,1157,469,4000,83,330.1403261456282,1826.9495711333288,719843.0,3029015.0,0
179,159,2,1037,1063,3081,99,382.91597406739857,1510.0140698583862,639442.0,2611539.0,0
180,162,4,1517,1538,1856,77,474.7729398415208,1595.879131252849,690681.0,2106270.0,0
181,163,3,317,350,3694,21,1227.6702134059133,261.88499916827885,122302.0,814551.0,3
182,165,5,797,1775,4919,88,7437.4879140821395,133.12317,0.0,134454.0,6
183,165,5,797,1775,4919,88,7957.221974664205,124.261066,0.0,125672.0,5
184,165,5,797,1775,4919,88,5990.534954771461,165.370473,0.0,166930.0,0
185,165,5,797,1775,4919,88,6633.631183373467,149.377631,0.0,150747.0,4
186,165,5,797,1775,4919,88,7244.434463223629,136.671275,0.0,138037.0,7
187,165,5,797,1775,4919,88,8054.058842953907,122.763406,0.0,124161.0,1
188,165,5,797,1775,4919,88,7900.329443737804,125.191224,0.0,126577.0,8
189,165,5,797,1775,4919,88,7556.1801997854045,130.949781,0.0,132342.0,9
190,165,5,797,1775,4919,88,7979.062938848461,123.891753,0.0,125328.0,3
191,165,5,797,1775,4919,88,8627.160025191308,114.552456,0.0,115913.0,2
192,166,1,1757,825,2469,43,5891.293845954448,168.357476,0.0,169742.0,0
193,166,1,1757,825,2469,43,210.69220818075706,572.7382847921858,579841.0,4746260.0,1
194,167,1,992,1820,593,68,229.39694296457927,611.5336784932196,606366.0,4359256.0,0
195,170,3,1472,1345,4268,90,251.434939198003,523.8151606542165,551708.0,3977172.0,0
196,171,4,272,633,1205,34,277.44769209299045,441.4112099198174,437409.0,3604283.0,0
197,172,7,1232,1583,3655,79,312.59319184531887,464.95813802233664,480316.0,3199046.0,0
198,174,2,1712,158,4880,11,353.7511417318099,423.92504984264554,393090.0,2826846.0,0
199,175,2,392,1464,3349,28,414.54952768299563,440.5444437830294,395236.0,2412257.0,0
200,178,4,1832,1939,2124,51,494.79108683336176,455.173390578761,381610.0,2021055.0,0
201,179,3,632,276,2737,85,610.3839742466794,439.88740171752147,360008.0,1638313.0,0
202,181,5,152,1701,3962,17,1564.2133023827662,195.5674016359455,90801.0,639299.0,1
203,182,2,1112,751,1512,62,230.85864409792563,1450.0117490373964,696656.0,4331655.0,3
204,182,2,1112,751,1512,62,6476.725885530347,152.16562,0.0,154399.0,0
205,182,2,1112,751,1512,62,10960.105217010083,89.828577,0.0,91240.0,1
206,182,2,1112,751,1512,62,10905.957924814325,90.279415,0.0,91693.0,2
207,183,2,212,573,2277,93,251.87140453570026,1299.2485910319574,647437.0,3970280.0,0
208,186,4,1652,1048,3502,71,286.4511198376853,1324.4845537484584,706466.0,3490997.0,0
209,187,4,932,1286,1665,14,317.3942188547401,1267.2191229412094,661391.0,3150656.0,0
210,188,8,1892,336,4115,59,350.5651285154233,1285.22196787268,596356.0,2852537.0,0
211,190,3,1412,1761,2890,37,605.4668815670452,383.4514776195923,198339.0,1651618.0,2
212,191,2,812,929,3808,54,786.6174349034742,369.23926639692206,164889.0,1271266.0,0
213,194,4,1292,454,133,31,1445.7970679235461,317.13019795048194,64463.0,691660.0,0
214,195,3,572,1642,4421,65,11218.937566612442,87.740478,0.0,89135.0,1
215,195,3,572,1642,4421,65,11884.529907419512,82.726878,0.0,84143.0,2
216,195,3,572,1642,4421,65,203.99391526949535,771.8401222290007,445958.0,4902107.0,4
217,195,3,572,1642,4421,65,3683.2005539533634,269.638876,0.0,271503.0,0
218,195,3,572,1642,4421,65,11370.872373328482,86.444062,0.0,87944.0,3
219,197,5,1052,217,3196,42,210.62462206044378,873.3877080280583,461551.0,4747783.0,0
220,198,1,2012,1167,746,87,226.9203303143096,1036.4198695636628,524519.0,4406833.0,0
221,199,1,542,1018,2813,16,254.42586513699052,837.0678209883007,455611.0,3930418.0,0
222,202,3,1982,543,1588,38,276.4303334744971,896.1789909610076,471180.0,3617548.0,0
223,203,4,782,1731,3426,94,309.3563593458722,804.8230204619973,405581.0,3232518.0,0
224,204,7,1742,781,976,49,347.01630178480895,873.3515500217474,445911.0,2881709.0,0
225,206,2,1262,1256,2201,72,404.2212011594681,837.9661154095526,421625.0,2473893.0,0
226,207,3,902,425,1282,55,350.83927772016216,863.2107334709647,435206.0,2850308.0,0
227,207,3,902,425,1282,55,206.85111580663144,1138.830638173633,787644.0,4834395.0,1
228,210,4,1382,900,4957,78,223.97053622801812,965.7479647206586,714167.0,4464873.0,0
229,211,3,182,1137,669,44,251.82231216196,880.8093340389303,722221.0,3971054.0,0
230,213,5,662,662,1894,66,305.2409877598364,371.8620421860181,406391.0,3276100.0,1
231,214,2,1622,1612,4344,21,344.67497838887886,366.5946643687826,424398.0,2901284.0,0
232,215,1,722,1315,4498,41,451.989454182055,228.8187261548351,159945.0,2212441.0,1
233,218,3,1202,1790,823,19,572.1056175622695,201.2736347151593,125915.0,1747929.0,0
234,219,4,482,128,3885,75,726.3525046813419,203.88381158998905,105780.0,1376742.0,0
235,220,8,1442,1078,1435,30,999.4592925227452,202.06679460800845,89687.0,1000541.0,0
236,222,2,1922,603,210,97,1691.125985503668,198.31548206430332,50469.0,591322.0,0
237,223,2,362,1909,1741,80,9545.901467205056,103.377514,0.0,104757.0,4
238,223,2,362,1909,1741,80,9704.968944099379,101.622587,0.0,103040.0,6
239,223,2,362,1909,1741,80,251.73875961264454,378.2785575011101,482010.0,3972372.0,7
240,223,2,362,1909,1741,80,9432.182607055272,104.549565,0.0,106020.0,2
241,223,2,362,1909,1741,80,9712.415380580996,101.585582,0.0,102961.0,3
242,223,2,362,1909,1741,80,10153.727433340779,97.126786,0.0,98486.0,1
243,223,2,362,1909,1741,80,8969.092507220119,110.110922,0.0,111494.0,5
244,223,2,362,1909,1741,80,6127.000465652035,160.943849,0.0,163212.0,0
245,226,4,1802,1434,2966,58,278.9734113231402,378.9251687465699,469767.0,3584571.0,0
246,227,3,1082,722,2354,24,310.6550970424392,343.41929324049215,429707.0,3219004.0,0
247,229,5,602,1197,1129,92,352.0349556629575,342.7770698388039,376908.0,2840627.0,0
248,230,1,1562,247,3579,47,407.9755965317179,320.91408420020696,375726.0,2451127.0,0
249,231,1,606,1965,2210,27,573.4474340807839,219.78694548517325,139225.0,1743839.0,1
250,234,3,2046,1490,3435,50,740.3612370547837,208.81504682358897,83368.0,1350692.0,0
251,235,4,846,777,1598,83,1025.97880943367,207.75342323875284,73100.0,974679.0,0
252,236,7,1806,1727,4048,38,1692.3079526627619,205.41723882703133,61015.0,590909.0,0
253,237,5,366,1252,373,16,9374.004012073718,105.248379,0.0,106678.0,2
254,237,5,366,1252,373,16,164.0615066588464,1635.8992676011972,873020.0,6095275.0,5
255,237,5,366,1252,373,16,10391.013851221463,94.753083,0.0,96237.0,3
256,237,5,366,1252,373,16,9254.375005783984,106.605528,0.0,108057.0,4
257,237,5,366,1252,373,16,5434.900758712146,181.77749,0.0,183996.0,0
258,237,5,366,1252,373,16,9721.668627203173,101.443178,0.0,102863.0,1
259,238,2,1326,302,2823,61,175.3548568560768,1573.872872997323,879349.0,5702722.0,0
260,239,2,966,1371,4354,67,186.89632487066774,1653.5822886411968,879151.0,5350560.0,0
261,242,4,1446,1846,679,89,201.7689894379987,1526.5524875479007,878133.0,4956163.0,0
262,243,3,246,183,4967,33,216.0932883369482,1586.405180610202,870633.0,4627631.0,0
263,245,5,726,1608,3742,55,243.47131664418615,1392.2581081189808,875711.0,4107260.0,0
264,246,1,1686,658,1292,10,250.1234984773732,1763.878894992437,874390.0,3998025.0,0
265,247,2,666,362,220,52,263.8225192043007,1860.766145371241,848966.0,3790427.0,1
266,250,3,1146,837,3895,30,318.22496659433415,1813.4874537397573,854897.0,3142431.0,0
267,251,4,426,1074,832,64,348.51888188172313,2019.5645694030452,863457.0,2869285.0,0
268,252,8,1386,124,3282,19,405.10710424175494,1349.247058076739,795202.0,2468483.0,2
269,254,3,1866,1549,4507,86,479.8902011219833,1059.6051437444978,735329.0,2083810.0,0
270,255,2,306,955,3588,92,1480.4616079293523,173.2055006951415,146217.0,675465.0,3
271,258,4,1746,480,2363,69,238.97329425642025,300.3294105379195,395839.0,4184568.0,2
272,258,4,1746,480,2363,69,11644.154634373544,84.466236,0.0,85880.0,1
273,258,4,1746,480,2363,69,9279.364549115677,106.040885,0.0,107766.0,0
274,259,3,1026,1668,2976,13,262.1490348721132,292.80254679008584,369952.0,3814624.0,0
275,261,5,546,243,4201,81,292.17306345502243,285.1492161270294,304224.0,3422629.0,0
276,262,1,1506,1193,1751,36,328.9577565607335,292.2507890036395,329851.0,3039904.0,0
277,263,1,1056,866,4890,57,373.0309097142098,277.3848944449797,252712.0,2680743.0,0
278,266,3,1536,391,1215,79,437.85501832204324,287.64525208144727,269859.0,2283861.0,0
279,267,4,336,1579,4277,45,548.7414067095709,253.53731481214774,166792.0,1822352.0,0
280,268,7,1296,629,1827,90,692.9685177472702,242.4631368394956,112610.0,1443067.0,0
281,270,2,1776,1104,602,23,937.1113916197877,235.35809582796605,89389.0,1067109.0,0
282,271,3,456,510,1521,17,1555.2172094115524,230.91707971704946,54393.0,642997.0,0
283,274,4,1896,985,2746,40,6104.894293755304,162.397351,0.0,163803.0,5
284,274,4,1896,985,2746,40,254.68466981660666,596.2390110768528,562150.0,3926424.0,7
285,274,4,1896,985,2746,40,5757.88109975529,172.24984,0.0,173675.0,3
286,274,4,1896,985,2746,40,5608.053164343998,176.949384,0.0,178315.0,1
287,274,4,1896,985,2746,40,5851.614753091116,169.495404,0.0,170893.0,6
288,274,4,1896,985,2746,40,4649.324685589419,212.784396,0.0,215085.0,0
289,274,4,1896,985,2746,40,5506.122808563122,180.232094,0.0,181616.0,2
290,274,4,1896,985,2746,40,5776.573683085615,171.732499,0.0,173113.0,4
291,275,4,696,1223,2134,96,283.15184244072356,629.8247011616813,643620.0,3531674.0,0
292,276,7,1656,273,4584,51,315.4543283646122,553.5513121971669,530063.0,3170031.0,0
293,277,5,216,748,909,29,356.2970334352699,526.6247602489271,492703.0,2806647.0,0
294,278,2,1176,1698,3359,74,411.65273633806896,523.2214682538897,494379.0,2429232.0,0
295,279,2,156,1519,2899,82,725.9443810453018,192.89513480426254,101475.0,1377516.0,2
296,282,3,1596,1994,1674,59,1015.2294570857432,193.41406486343928,97581.0,984999.0,0
297,283,4,876,332,3512,26,1758.1490207109955,186.24544580793184,59438.0,568780.0,0
298,284,8,1836,1282,1062,71,6170.516040256447,160.053632,0.0,162061.0,0
299,284,8,1836,1282,1062,71,242.88652171684825,356.9144589292375,576414.0,4117149.0,1
300,286,2,1356,807,2287,48,267.6096517167427,381.74770939982795,554811.0,3736786.0,0
301,287,2,756,1876,756,43,294.0526095404781,408.5053445493104,520446.0,3400752.0,0
302,290,4,1236,1401,4431,20,332.33742883824806,393.1587739223611,431651.0,3008990.0,0
303,291,3,516,688,143,76,381.3254261692963,413.2852002395152,463917.0,2622432.0,0
304,293,5,996,1163,1368,54,525.3695712248781,250.89628075345558,231753.0,1903422.0,1
305,294,1,1956,213,3818,99,665.201449606999,231.9234791479148,166750.0,1503304.0,0
306,295,1,801,1119,3167,12,937.5937593759376,225.4480369174015,119548.0,1066560.0,0
307,298,3,1281,1594,1942,35,1692.9497109288368,208.46740002585562,64033.0,590685.0,0
308,299,4,561,406,2555,91,8147.303242626691,121.36652,0.0,122740.0,4
309,299,4,561,406,2555,91,5426.67209333876,182.2047,0.0,184275.0,0
310,299,4,561,406,2555,91,7602.365856254466,130.175182,0.0,131538.0,2
311,299,4,561,406,2555,91,7293.201277768864,135.808362,0.0,137114.0,7
312,299,4,561,406,2555,91,7555.152614082805,130.979639,0.0,132360.0,1
313,299,4,561,406,2555,91,7257.631399416487,136.348361,0.0,137786.0,5
314,299,4,561,406,2555,91,7713.609120571424,128.247618,0.0,129641.0,8
315,299,4,561,406,2555,91,7553.326484983987,131.061551,0.0,132392.0,3
316,299,4,561,406,2555,91,8296.55195300833,119.167837,0.0,120532.0,9
317,299,4,561,406,2555,91,7703.151359221058,128.48099,0.0,129817.0,6
318,300,7,1521,1356,105,46,9675.577873888518,101.982453,0.0,103353.0,6
319,300,7,1521,1356,105,46,10877.48686543461,90.508607,0.0,91933.0,0
320,300,7,1521,1356,105,46,9727.437209392814,101.380883,0.0,102802.0,4
321,300,7,1521,1356,105,46,9451.885178498851,104.427596,0.0,105799.0,8
322,300,7,1521,1356,105,46,9911.588629425525,99.525404,0.0,100892.0,3
323,300,7,1521,1356,105,46,10583.466508620233,93.093652,0.0,94487.0,5
324,300,7,1521,1356,105,46,10655.755173369136,92.425079,0.0,93846.0,1
325,300,7,1521,1356,105,46,9519.457771685325,103.682189,0.0,105048.0,7
326,300,7,1521,1356,105,46,10094.076795736262,97.656358,0.0,99068.0,2
327,300,7,1521,1356,105,46,9852.799180247108,100.120618,0.0,101494.0,9
328,302,2,2001,881,1330,69,9506.335972925956,103.760416,0.0,105193.0,1
329,302,2,2001,881,1330,69,380.39852070623266,308.0165246889166,342620.0,2628822.0,3
330,302,2,2001,881,1330,69,9542.531060938603,103.332993,0.0,104794.0,2
331,302,2,2001,881,1330,69,9586.992368754074,102.854447,0.0,104308.0,0
332,303,3,201,1712,411,63,441.60716746097074,330.97536989175626,307027.0,2264456.0,0
333,306,4,1641,1237,4086,85,536.0720180591942,298.8207352774088,287099.0,1865421.0,0
334,307,3,921,1000,1024,52,668.9271946330633,287.2157893973916,241149.0,1494931.0,0
335,309,5,441,1475,2249,74,913.119425976604,284.14031854182326,205693.0,1095147.0,0
336,310,2,1401,525,4699,29,5336.663411301985,185.476051,0.0,187383.0,1
337,310,2,1401,525,4699,29,1964.574787433008,135.95681078691894,61085.0,509016.0,2
338,311,2,381,703,3933,38,8772.39152937874,112.560038,0.0,113994.0,7
339,311,2,381,703,3933,38,8580.81843846266,115.085169,0.0,116539.0,2
340,311,2,381,703,3933,38,8885.0189695155,111.101023,0.0,112549.0,9
341,311,2,381,703,3933,38,8715.58433635183,113.347585,0.0,114737.0,5
342,311,2,381,703,3933,38,8837.747788353616,111.70241,0.0,113151.0,3
343,311,2,381,703,3933,38,8289.468230613005,119.23181,0.0,120635.0,8
344,311,2,381,703,3933,38,7525.870178739417,131.253156,0.0,132875.0,0
345,311,2,381,703,3933,38,8644.760842691287,114.239102,0.0,115677.0,4
346,311,2,381,703,3933,38,8949.586976561031,110.316821,0.0,111737.0,1
347,311,2,381,703,3933,38,8662.9589202488,114.050921,0.0,115434.0,6
348,314,4,1821,228,258,15,11079.718575148192,88.836196,0.0,90255.0,1
349,314,4,1821,228,258,15,11068.068622025457,88.880545,0.0,90350.0,0
350,314,4,1821,228,258,15,11241.133555907778,87.503946,0.0,88959.0,3
351,314,4,1821,228,258,15,764.4523539781336,203.0469633819589,986564.0,1308126.0,4
352,314,4,1821,228,258,15,10805.203786143407,91.127448,0.0,92548.0,2
353,315,4,621,1891,4545,71,1083.3062506770664,2319.501282051282,999220.0,923100.0,0
354,316,8,1581,941,2095,26,9216.674808062748,107.122983,0.0,108499.0,1
355,316,8,1581,941,2095,26,9333.75646362635,105.768372,0.0,107138.0,0
356,316,8,1581,941,2095,26,745.4225464975949,156.48235073358637,152656.0,1341521.0,2
357,317,6,141,466,3320,49,1042.7670030980607,156.9526763291579,145079.0,958987.0,0
358,320,6,1941,1059,4852,43,1736.7322340976114,157.2296186294766,117184.0,575794.0,0
359,321,8,501,1534,1177,21,11218.05658387741,87.745947,0.0,89142.0,1
360,321,8,501,1534,1177,21,189.5664879812951,564.810702210249,560502.0,5275194.0,2
361,321,8,501,1534,1177,21,7744.733581164808,127.231228,0.0,129120.0,0
362,322,4,1461,584,3627,66,202.48292663962576,632.6945727748376,500205.0,4938688.0,0
363,324,7,1221,347,4239,77,219.1662171932829,610.8624822710382,491651.0,4562747.0,0
364,325,5,741,822,564,100,237.75490892560458,542.9975499567591,390623.0,4206012.0,0
365,328,5,1311,1208,3550,28,263.4506716279697,557.5508778425315,427403.0,3795777.0,0
366,329,7,831,1683,2325,50,293.198040029742,532.7938929106846,407672.0,3410664.0,0
367,331,4,1071,1445,488,39,331.81902192361457,541.9154537076089,359830.0,3013691.0,0
368,332,7,2031,495,2938,84,379.2544767198432,495.08350494994977,309993.0,2636752.0,0
369,333,6,591,970,1713,62,446.3787523713871,464.04853308140486,303506.0,2240250.0,0
370,336,6,1671,1564,181,67,562.0592050684251,451.06724770165107,288511.0,1779172.0,0
371,337,8,231,1089,3856,90,766.5989759770879,389.89567523654785,162960.0,1304463.0,0
372,338,4,1191,139,1406,45,1379.6700105268822,335.29417805572405,55453.0,724811.0,0
373,340,7,1431,851,794,33,1666.9667206763884,222.08743326137918,51711.0,599892.0,1
374,340,7,1431,851,794,33,3267.3545537120417,303.89237,0.0,306058.0,0
375,341,5,951,376,4469,11,4774.979109466396,207.933674,0.0,209425.0,9
376,341,5,951,376,4469,11,4499.90325208008,220.736861,0.0,222227.0,0
377,341,5,951,376,4469,11,4558.757829666572,217.963954,0.0,219358.0,8
378,341,5,951,376,4469,11,4639.983667257491,214.146042,0.0,215518.0,1
379,341,5,951,376,4469,11,4584.842510659759,216.688995,0.0,218110.0,3
380,341,5,951,376,4469,11,4616.634657999704,215.197312,0.0,216608.0,4
381,341,5,951,376,4469,11,4620.75179631726,214.999592,0.0,216415.0,7
382,341,5,951,376,4469,11,4717.760007548416,210.559237,0.0,211965.0,6
383,341,5,951,376,4469,11,4608.528542921531,215.558921,0.0,216989.0,2
384,341,5,951,376,4469,11,4568.609086963474,217.513697,0.0,218885.0,5
385,344,5,1851,673,4316,53,7377.460383037743,134.168812,0.0,135548.0,6
386,344,5,1851,673,4316,53,6960.976764259561,142.260162,0.0,143658.0,7
387,344,5,1851,673,4316,53,7266.174504446899,136.215944,0.0,137624.0,0
388,344,5,1851,673,4316,53,7069.785856186416,140.029906,0.0,141447.0,3
389,344,5,1851,673,4316,53,6723.412266193339,147.353302,0.0,148734.0,5
390,344,5,1851,673,4316,53,6942.756968792308,142.654358,0.0,144035.0,2
391,344,5,1851,673,4316,53,6713.527085725027,147.609165,0.0,148953.0,4
392,344,5,1851,673,4316,53,1912.7297905752152,155.14637609075137,61083.0,522813.0,8
393,344,5,1851,673,4316,53,6927.70249674398,142.963857,0.0,144348.0,1
394,345,7,411,198,641,31,6493.675160393776,152.371836,0.0,153996.0,0
395,345,7,411,198,641,31,6829.947955796577,145.001434,0.0,146414.0,8
396,345,7,411,198,641,31,6720.520437102649,147.392742,0.0,148798.0,9
397,345,7,411,198,641,31,6779.615053457264,146.023531,0.0,147501.0,4
398,345,7,411,198,641,31,6892.368769298632,143.676401,0.0,145088.0,6
399,345,7,411,198,641,31,6564.264145989235,150.992952,0.0,152340.0,3
400,345,7,411,198,641,31,6816.95786438344,145.322421,0.0,146693.0,5
401,345,7,411,198,641,31,6758.948848275117,146.568935,0.0,147952.0,7
402,345,7,411,198,641,31,6892.796338546585,143.619707,0.0,145079.0,1
403,345,7,411,198,641,31,6694.515852613539,147.973032,0.0,149376.0,2
404,347,4,171,911,2478,19,1109.785533945565,552.2838940989147,99386.0,901075.0,0
405,348,8,1131,1861,4928,64,1887.2339943684938,140.19610494673285,77856.0,529876.0,0
406,349,6,651,1386,1253,87,169.98803454224858,1343.0603924914676,824200.0,5882767.0,2
407,349,6,651,1386,1253,87,10545.519735940186,93.415604,0.0,94827.0,1
408,349,6,651,1386,1253,87,7943.568886629385,124.15644,0.0,125888.0,0
409,352,5,1491,317,2172,93,181.971931557445,1457.5459999396446,834315.0,5495353.0,0
410,353,7,1011,792,3397,70,210.44581472729274,1573.9048125875863,830881.0,4751817.0,0
411,354,4,1971,1742,947,25,194.54204510768582,1302.1274320733694,813328.0,5140277.0,0
412,356,6,1731,1505,1559,14,252.25694286783855,1357.8859834569441,826876.0,3964212.0,0
413,357,5,291,1980,2784,36,226.4099509890379,1450.4944590352957,828279.0,4416767.0,0
414,360,5,1889,1423,698,80,204.5526464305461,1378.2330813426065,818115.0,4888717.0,0
415,361,6,449,1898,4373,58,188.04291515409648,1407.744101620939,854282.0,5317935.0,1
416,363,4,209,1185,3761,69,225.57110091329227,1418.60669107053,854941.0,4433192.0,0
417,364,7,1169,235,1311,24,177.6934010534731,1605.066065457493,832227.0,5627671.0,1
418,365,5,689,710,4986,46,197.94963765318826,1380.2930013724786,802547.0,5051790.0,1
419,368,6,1529,1779,3454,41,214.6742286379285,951.2280262168828,696684.0,4658221.0,0
420,369,8,1049,1304,2229,18,234.52845123274017,990.6761179961856,728398.0,4263875.0,0
421,370,4,2009,354,4679,63,261.36110591292913,902.9824270686055,691628.0,3826124.0,0
422,372,7,1769,592,2842,75,289.4535291042629,737.4266752994497,545917.0,3454786.0,0
423,373,5,329,117,1617,97,369.34591424009477,516.2525430432352,486737.0,2707489.0,1
424,376,5,1229,889,2383,61,458.378120695543,439.8634290983672,371030.0,2181605.0,0
425,377,7,749,414,3608,83,558.4411450500614,408.3179397137025,302893.0,1790699.0,0
426,379,4,989,651,4220,94,718.9760056137646,391.7786264149672,287616.0,1390867.0,0
427,380,8,1949,1601,1770,49,1070.9722607474744,327.20796793558264,223563.0,933731.0,0
428,381,6,509,1126,2995,27,253.25938496971398,266.7611235840392,490452.0,3948521.0,3
429,381,6,509,1126,2995,27,6579.466800010528,150.026724,0.0,151988.0,1
430,381,6,509,1126,2995,27,10223.589911361476,96.401222,0.0,97813.0,2
431,384,6,1589,532,3914,21,269.190380320245,429.4977878214221,443761.0,3714843.0,0
432,385,7,149,1007,239,44,299.58318990788115,419.43261420302684,426066.0,3337971.0,0
433,386,4,1109,1957,2689,89,335.9099868726377,436.9179693207947,404613.0,2976988.0,0
434,388,7,1349,1245,4526,100,385.6475852097981,415.85646374913006,389325.0,2593041.0,0
435,389,5,869,1720,851,77,448.0973339104827,392.2963677901975,339493.0,2231658.0,0
436,392,5,1439,443,2765,51,571.0321119908178,362.3774700567924,345511.0,1751215.0,0
437,393,7,959,918,1540,28,733.8792416385469,352.26196974603323,286639.0,1362622.0,0
438,395,4,719,206,928,17,1041.842477584759,328.3175057856526,205794.0,959838.0,0
439,396,8,1679,1156,3378,62,8537.376634907625,115.697564,0.0,117132.0,2
440,396,8,1679,1156,3378,62,8066.923194824262,122.581991,0.0,123963.0,5
441,396,8,1679,1156,3378,62,4630.7658823692855,213.729626,0.0,215947.0,1
442,396,8,1679,1156,3378,62,8015.839298453745,123.36732,0.0,124753.0,4
443,396,8,1679,1156,3378,62,9219.138932423712,107.049915,0.0,108470.0,6
444,396,8,1679,1156,3378,62,8053.734516695392,122.713538,0.0,124166.0,3
445,396,8,1679,1156,3378,62,1042.9507998389684,197.50142337549536,78950.0,958818.0,9
446,396,8,1679,1156,3378,62,8342.16212157867,118.477498,0.0,119873.0,8
447,396,8,1679,1156,3378,62,8364.630994303687,118.038735,0.0,119551.0,7
448,397,6,239,1631,2153,84,1691.8956506438508,198.55152052088545,56376.0,591053.0,0
449,400,4,256,100,4000,1,5905.035223535108,167.912537,0.0,169347.0,6
450,400,4,256,100,4000,1,5681.785898943756,174.545913,0.0,176001.0,8
451,400,4,256,100,4000,1,5766.946171324437,171.983201,0.0,173402.0,5
452,400,4,256,100,4000,1,5667.488452492278,174.92233,0.0,176445.0,3
453,400,4,256,100,4000,1,5761.563457859925,172.136959,0.0,173564.0,9
454,400,4,256,100,4000,1,5833.965346245844,169.965368,0.0,171410.0,4
455,400,4,256,100,4000,1,5749.9353132277265,172.539874,0.0,173915.0,2
456,400,4,256,100,4000,1,5084.271805170704,195.001152,0.0,196685.0,0
457,400,4,256,100,4000,1,5681.172594023406,174.51795,0.0,176020.0,1
458,400,4,256,100,4000,1,5618.35629368272,176.475073,0.0,177988.0,7
