,param_index,SCONE_QUEUES,SCONE_SLOTS,SCONE_SSPINS,SCONE_SSLEEP,throughput,latency,failed,time,param_iter
0,0,2,1622,1612,4344,179.26512056475684,896.1522478791453,28061.0,557833.0,0
1,1,1,722,1315,4498,193.66071030875327,1107.0224388824215,15585.0,516367.0,2
2,1,1,722,1315,4498,198.1080679510673,870.2750021696994,15627.0,504775.0,3
3,1,1,722,1315,4498,188.97197356660033,1122.0342838179358,10720.0,529179.0,0
4,1,1,722,1315,4498,831.8014323620665,1176.1346272888836,0.0,120221.0,1
5,1,1,722,1315,4498,2639.358108108108,348.926707229205,0.0,37888.0,4
6,2,5,1682,365,2048,3619.9095022624433,252.47326736623708,0.0,27625.0,2
7,2,5,1682,365,2048,3382.606636674221,274.19457530621656,0.0,29563.0,3
8,2,5,1682,365,2048,3727.587877884221,255.61892470536446,0.0,26827.0,4
9,2,5,1682,365,2048,3759.1158559506803,250.2589673315062,0.0,26602.0,1
10,2,5,1682,365,2048,3667.3023324042833,253.28893705844573,0.0,27268.0,0
11,3,7,242,840,3273,3473.6695845491176,270.9115614923998,0.0,28788.0,2
12,3,7,242,840,3273,3226.951498918971,284.38719634410324,0.0,30989.0,3
13,3,7,242,840,3273,3514.444366345681,268.32396004653214,0.0,28454.0,0
14,3,7,242,840,3273,3619.1234483008216,253.40480945913558,0.0,27631.0,1
15,3,7,242,840,3273,3611.0208355902214,254.39696234024197,0.0,27693.0,4
16,4,3,1202,1790,823,5745.475438092502,151.076906064018,0.0,17405.0,2
17,4,3,1202,1790,823,5846.585594013096,151.23492756817407,0.0,17104.0,3
18,4,3,1202,1790,823,6068.697657482704,143.3402660557833,0.0,16478.0,0
19,4,3,1202,1790,823,5732.630130703967,134.98278058685352,0.0,17444.0,4
20,4,3,1202,1790,823,5799.454851243983,154.24141168011505,0.0,17243.0,1
21,5,4,482,128,3885,2480.5278563278266,353.39539289988033,0.0,40314.0,4
22,5,4,482,128,3885,2881.4291888776834,304.2097538541521,0.0,34705.0,3
23,5,4,482,128,3885,3192.0326864147087,295.28325697291217,0.0,31328.0,2
24,5,4,482,128,3885,2894.6073465134455,326.132984041915,0.0,34547.0,0
25,5,4,482,128,3885,3218.953196420524,294.7516611129956,0.0,31066.0,1
26,6,8,1442,1078,1435,3978.832610512076,226.62919412672022,0.0,25133.0,4
27,6,8,1442,1078,1435,3999.3601023836186,227.28161632326464,0.0,25004.0,2
28,6,8,1442,1078,1435,3645.2447781868555,250.3760454600024,0.0,27433.0,0
29,6,8,1442,1078,1435,4001.1203136878325,223.3102759694876,0.0,24993.0,3
30,6,8,1442,1078,1435,3684.8699240916794,246.6261938061938,0.0,27138.0,1
31,7,6,962,1553,2660,4320.774282751469,204.73056032589162,0.0,23144.0,1
32,7,6,962,1553,2660,3956.635277360133,220.4928944054686,0.0,25274.0,4
33,7,6,962,1553,2660,4252.785574551331,209.8079099434147,0.0,23514.0,2
34,7,6,962,1553,2660,4058.4415584415583,223.9580540928674,0.0,24640.0,3
35,7,6,962,1553,2660,4256.768261535842,210.64758300292362,0.0,23492.0,0
36,8,2,1922,603,210,5479.151827297134,166.18948824343016,0.0,18251.0,0
37,8,2,1922,603,210,33.12343015643202,959.0580659737913,45649.0,3019011.0,1
38,9,2,362,1909,1741,39.610925643954815,1117.4634081902245,46288.0,2524556.0,0
39,10,5,1322,959,4191,39.40026492738137,1301.967995169082,46843.0,2538054.0,0
40,11,7,842,484,516,39.35920072483904,2456.8465025906735,46601.0,2540702.0,0
41,12,4,1802,1434,2966,49.112367623752114,664.2527100271003,45520.0,2036147.0,0
42,13,3,1082,722,2354,65.29861710588693,656.2620447862474,41552.0,1531426.0,0
43,14,6,2042,1672,4804,95.89713689508086,478.77467105263156,36593.0,1042784.0,0
44,15,5,602,1197,1129,188.87810185062764,235.91545938872792,28466.0,529442.0,0
45,16,1,1562,247,3579,4407.227853680035,219.042117519523,0.0,22690.0,4
46,16,1,1562,247,3579,4093.1603290900903,213.46080095875362,0.0,24431.0,0
47,16,1,1562,247,3579,4280.0890258517375,223.49867352841443,0.0,23364.0,3
48,16,1,1562,247,3579,4464.485021652752,211.93622045668315,0.0,22399.0,2
49,16,1,1562,247,3579,4462.094507161662,209.64590815159602,0.0,22411.0,1
50,17,1,606,1965,2210,6308.352258390109,140.28834245175253,0.0,15852.0,1
51,17,1,606,1965,2210,6363.752068219422,133.64058460926626,0.0,15714.0,2
52,17,1,606,1965,2210,6435.420554733252,134.34550919659208,0.0,15539.0,4
53,17,1,606,1965,2210,6425.496369594551,140.22797076784462,0.0,15563.0,0
54,18,5,1566,1015,4660,3452.204232402389,265.7096787028748,0.0,28967.0,4
55,18,5,1566,1015,4660,3545.5963693093177,253.88361706388943,0.0,28204.0,1
56,18,5,1566,1015,4660,3696.0378474275576,247.59376061714332,0.0,27056.0,2
57,18,5,1566,1015,4660,3674.444240308653,246.796852987281,0.0,27215.0,0
58,18,5,1566,1015,4660,3450.060376056581,255.1389772204556,0.0,28985.0,3
59,19,6,1086,540,985,4544.834795255192,205.1912277886968,0.0,22003.0,3
60,19,6,1086,540,985,3690.036900369004,248.22001867933153,0.0,27100.0,4
61,19,6,1086,540,985,4471.072163104713,207.84085263242247,0.0,22366.0,1
62,19,6,1086,540,985,4274.783054759971,216.64067378636915,0.0,23393.0,0
63,19,6,1086,540,985,4361.2891970866585,214.7233405657345,0.0,22929.0,2
64,20,3,2046,1490,3435,4692.412369199005,181.8185136164922,0.0,21311.0,1
65,20,3,2046,1490,3435,4615.739672282483,194.4470560114732,0.0,21665.0,0
66,20,3,2046,1490,3435,4644.897580008361,193.35276367851006,0.0,21529.0,4
67,20,3,2046,1490,3435,4789.730817128077,189.4301687171883,0.0,20878.0,3
68,20,3,2046,1490,3435,5014.290728576443,175.04593667916507,0.0,19943.0,2
69,21,4,846,777,1598,4332.7556325823225,204.58833140716536,0.0,23080.0,4
70,21,4,846,777,1598,4380.777149866386,214.21240556180678,0.0,22827.0,2
71,21,4,846,777,1598,3956.948401392846,241.15076511246954,0.0,25272.0,0
72,21,4,846,777,1598,4613.1844812474055,195.11619605326487,0.0,21677.0,1
73,21,4,846,777,1598,4377.517072316582,212.58505390460277,0.0,22844.0,3
74,22,7,1806,1727,4048,3843.7884378843787,239.1533451864874,0.0,26016.0,3
75,22,7,1806,1727,4048,3481.409274474307,269.524175164967,0.0,28724.0,4
76,22,7,1806,1727,4048,3524.6017200056394,271.93909187159153,0.0,28372.0,1
77,22,7,1806,1727,4048,3738.3177570093458,246.8918815931972,0.0,26750.0,0
78,22,7,1806,1727,4048,3839.066339066339,233.90332671599592,0.0,26048.0,2
79,23,5,366,1252,373,5742.835812324126,157.80413666553642,0.0,17413.0,2
80,23,5,366,1252,373,100.32052407441776,472.3937342207941,41479.0,996805.0,3
81,23,5,366,1252,373,5642.703983749013,145.0310715919715,0.0,17722.0,0
82,23,5,366,1252,373,5426.819341184132,174.71533238027163,0.0,18427.0,1
83,24,2,1326,302,2823,64.36476801328489,943.19209527097,44425.0,1553645.0,0
84,25,2,966,1371,4354,90.73101067994726,1301.6231651130397,31346.0,1102159.0,0
85,26,6,1926,421,1904,168.02063293372427,956.723670320747,25416.0,595165.0,0
86,27,8,486,896,3129,3582.8168105764753,256.5220954811949,0.0,27911.0,4
87,27,8,486,896,3129,3553.281455424084,256.1184562019058,0.0,28143.0,3
88,27,8,486,896,3129,3609.847664428561,255.54608382514755,0.0,27702.0,2
89,27,8,486,896,3129,3544.339689515843,256.30441637230837,0.0,28214.0,0
90,27,8,486,896,3129,3467.8873630184494,265.2618824046511,0.0,28836.0,1
91,28,4,1446,1846,679,5560.498220640569,149.69227540721494,0.0,17984.0,1
92,28,4,1446,1846,679,5900.749395173187,144.85009009009008,0.0,16947.0,0
93,28,4,1446,1846,679,5999.520038396929,145.2864896375661,0.0,16668.0,2
94,28,4,1446,1846,679,5761.364291064124,152.82662600810497,0.0,17357.0,4
95,28,4,1446,1846,679,5672.149744753261,163.99703668108282,0.0,17630.0,3
96,29,3,246,183,4967,3207.184092366902,293.383026699126,0.0,31180.0,0
97,29,3,246,183,4967,2687.7385367951406,343.7207433450527,0.0,37206.0,2
98,29,3,246,183,4967,3201.434242540658,294.77002646139044,0.0,31236.0,1
99,29,3,246,183,4967,3162.5553447185325,300.6165174129353,0.0,31620.0,4
100,29,3,246,183,4967,3199.795213106361,295.3189128562559,0.0,31252.0,3
101,30,7,1206,1133,2517,3758.2681900180396,241.93198765234123,0.0,26608.0,3
102,30,7,1206,1133,2517,3612.0642947444467,251.74692904234215,0.0,27685.0,1
103,30,7,1206,1133,2517,3842.1639067122605,233.52205926730642,0.0,26027.0,0
104,30,7,1206,1133,2517,3796.0748585962115,240.86792263753884,0.0,26343.0,4
105,30,7,1206,1133,2517,3789.170550566481,247.605261568809,0.0,26391.0,2
106,31,5,726,1608,3742,4066.363044892648,220.77943290734825,0.0,24592.0,3
107,31,5,726,1608,3742,4071.495460282562,226.78199527035153,0.0,24561.0,0
108,31,5,726,1608,3742,4276.794115131298,211.05764013103683,0.0,23382.0,2
109,31,5,726,1608,3742,4125.923175310476,220.15900698402504,0.0,24237.0,1
110,31,5,726,1608,3742,4304.407713498623,209.6896867048346,0.0,23232.0,4
111,32,1,1686,658,1292,5455.239757787354,171.37728109492556,0.0,18331.0,1
112,32,1,1686,658,1292,5380.104374024856,176.33306006558425,0.0,18587.0,2
113,32,1,1686,658,1292,5391.4168643519515,171.96982241420687,0.0,18548.0,3
114,32,1,1686,658,1292,5412.134004437949,171.04883384850066,0.0,18477.0,4
115,33,2,666,362,220,4128.307806630062,243.64898894312182,0.0,24223.0,0
116,33,2,666,362,220,4675.081813931743,192.20423899798237,0.0,21390.0,4
117,33,2,666,362,220,5110.12315396801,178.85576634147318,0.0,19569.0,3
118,33,2,666,362,220,5200.74890784273,176.08267093803184,0.0,19228.0,1
119,33,2,666,362,220,5040.576641967841,182.49624345602047,0.0,19839.0,2
120,34,5,1626,1312,2670,3391.209983722192,304.9931524677145,0.0,29488.0,4
121,34,5,1626,1312,2670,4340.466166066236,204.25597372163358,0.0,23039.0,0
122,34,5,1626,1312,2670,4349.338900487126,205.75393633835503,0.0,22992.0,3
123,34,5,1626,1312,2670,4267.850283812044,205.23618543683483,0.0,23431.0,2
124,34,5,1626,1312,2670,4338.394793926247,206.28790039160558,0.0,23050.0,1
125,35,7,186,1787,1445,4431.445537534344,202.4897244603601,0.0,22566.0,4
126,35,7,186,1787,1445,4660.700969425801,192.40811580255823,0.0,21456.0,0
127,35,7,186,1787,1445,3582.1750967187277,259.6062663498213,0.0,27916.0,1
128,35,7,186,1787,1445,4577.706569008927,197.22667466506698,0.0,21845.0,2
129,35,7,186,1787,1445,4664.831832812427,193.19414474602635,0.0,21437.0,3
130,36,3,1146,837,3895,64.75350284073618,1900.3183847402597,45221.0,1544318.0,0
131,37,4,426,1074,832,92.28369854607033,1267.372317954419,32181.0,1083615.0,0
132,38,8,1386,124,3282,170.95624374941235,819.0429096587397,19195.0,584945.0,0
133,39,6,906,599,2057,4091.485618428051,231.98852183650615,0.0,24441.0,1
134,39,6,906,599,2057,3988.1949429688125,242.67292779942946,0.0,25074.0,4
135,39,6,906,599,2057,3701.9212971532224,242.4506017352365,0.0,27013.0,3
136,39,6,906,599,2057,3985.6516540454363,228.30661390391347,0.0,25090.0,0
137,39,6,906,599,2057,3850.3003234252274,245.99366136441137,0.0,25972.0,2
138,40,3,1866,1549,4507,4589.050525446285,194.22955639234007,0.0,21791.0,2
139,40,3,1866,1549,4507,4512.22813825467,194.225661857403,0.0,22162.0,0
140,40,3,1866,1549,4507,4595.588235294118,190.94326896053317,0.0,21760.0,1
141,40,3,1866,1549,4507,4545.454545454545,195.2365103781689,0.0,22000.0,3
142,40,3,1866,1549,4507,4240.162822252374,213.26233242093065,0.0,23584.0,4
143,41,2,306,955,3588,5367.97466315959,157.43055583395136,0.0,18629.0,4
144,41,2,306,955,3588,5621.135469364812,154.18408439123198,0.0,17790.0,0
145,41,2,306,955,3588,5146.15067929189,181.6191768791665,0.0,19432.0,2
146,41,2,306,955,3588,4906.049158612569,187.5809751720012,0.0,20383.0,1
147,41,2,306,955,3588,4865.9432631015525,177.6194046350827,0.0,20551.0,3
148,42,6,1266,1905,1138,4899.7991082365625,190.12830900048132,0.0,20409.0,3
149,42,6,1266,1905,1138,5301.102629346904,165.34008801760353,0.0,18864.0,1
150,42,6,1266,1905,1138,5239.168020118405,170.9264588488864,0.0,19087.0,2
151,42,6,1266,1905,1138,5254.308532997057,168.7670677112479,0.0,19032.0,0
152,42,6,1266,1905,1138,4690.211528539937,193.631858975646,0.0,21321.0,4
153,43,7,786,1430,4813,3402.63363843615,269.6354016930203,0.0,29389.0,0
154,43,7,786,1430,4813,3473.1869963878853,265.28459493493773,0.0,28792.0,3
155,43,7,786,1430,4813,3231.644260599793,273.5817225299908,0.0,30944.0,1
156,43,7,786,1430,4813,3436.3080306518677,263.90972194277896,0.0,29101.0,4
157,43,7,786,1430,4813,3347.504435443377,276.13631177565605,0.0,29873.0,2
158,44,4,1746,480,2363,3615.1982936264053,257.1478818227341,0.0,27661.0,0
159,44,4,1746,480,2363,3527.5857203330042,263.3290549119187,0.0,28348.0,2
160,44,4,1746,480,2363,3801.847697981219,252.7053329075523,0.0,26303.0,4
161,44,4,1746,480,2363,3036.9290573372205,350.1948098398442,0.0,32928.0,3
162,44,4,1746,480,2363,3823.9455470154103,250.24441558441558,0.0,26151.0,1
163,45,3,1026,1668,2976,5155.702206640544,172.85627405236187,0.0,19396.0,1
164,45,3,1026,1668,2976,5036.514731805591,182.02670895418188,0.0,19855.0,4
165,45,3,1026,1668,2976,4304.0371868812945,205.83273828626443,0.0,23234.0,2
166,45,3,1026,1668,2976,5186.991026505524,169.4811896237925,0.0,19279.0,0
167,45,3,1026,1668,2976,5175.179837499353,169.28581399058785,0.0,19323.0,3
168,46,7,1986,718,526,4722.550177095632,192.37593849840255,0.0,21175.0,0
169,46,7,1986,718,526,190.4152575937605,283.12503519002615,25076.0,525168.0,2
170,46,7,1986,718,526,2831.9787035201493,337.9156198198558,0.0,35311.0,1
171,47,5,546,243,4201,3097.3177228520103,304.52439559562754,0.0,32286.0,4
172,47,5,546,243,4201,3048.4087306426045,321.35667791706845,0.0,32804.0,2
173,47,5,546,243,4201,3193.153878085385,296.83958011979405,0.0,31317.0,1
174,47,5,546,243,4201,2812.7021629679634,324.2805318977985,0.0,35553.0,3
175,47,5,546,243,4201,3211.7163412127443,294.63554528797897,0.0,31136.0,0
176,48,1,1506,1193,1751,5523.64118426867,152.04050111892582,0.0,18104.0,2
177,48,1,1506,1193,1751,5885.12241054614,149.49915154418957,0.0,16992.0,4
178,48,1,1506,1193,1751,5880.6233460746835,142.92945122072945,0.0,17005.0,0
179,48,1,1506,1193,1751,5874.405216471832,148.264469725648,0.0,17023.0,3
180,48,1,1506,1193,1751,5775.005775005775,149.59681820005616,0.0,17316.0,1
181,49,1,1056,866,4890,5403.652869339674,167.06048145634557,0.0,18506.0,3
182,49,1,1056,866,4890,5541.701302299806,151.2420894023104,0.0,18045.0,2
183,49,1,1056,866,4890,5624.613307835087,152.819482234315,0.0,17779.0,4
184,49,1,1056,866,4890,5380.972879896685,165.01242870009006,0.0,18584.0,1
185,49,1,1056,866,4890,5567.308762943993,155.74084878516624,0.0,17962.0,0
186,50,5,2016,1816,2440,4835.823782581363,188.36114059152166,0.0,20679.0,4
187,50,5,2016,1816,2440,4351.988858908521,200.4359952848095,0.0,22978.0,0
188,50,5,2016,1816,2440,4342.916702857639,207.82800928705817,0.0,23026.0,2
189,50,5,2016,1816,2440,4737.091425864519,182.26753096052659,0.0,21110.0,3
190,50,5,2016,1816,2440,4847.074790364015,185.14372984557454,0.0,20631.0,1
191,51,7,576,1341,3665,3593.8903863432165,251.3476673185138,0.0,27825.0,3
192,51,7,576,1341,3665,3635.0418029807342,250.08849309023807,0.0,27510.0,0
193,51,7,576,1341,3665,3342.5811411572017,271.1222282532216,0.0,29917.0,2
194,51,7,576,1341,3665,3515.556336790297,259.1249153150281,0.0,28445.0,1
195,51,7,576,1341,3665,3770.454716838851,242.23174235773007,0.0,26522.0,4
196,52,3,1536,391,1215,50.251382541162165,434.6849067949489,45222.0,1989995.0,0
197,53,4,336,1579,4277,49.796878532466074,750.5668146951958,44956.0,2008158.0,0
198,54,7,1296,629,1827,49.893452532117664,1216.2342939481268,43410.0,2004271.0,0
199,55,6,816,154,3052,49.9767857830038,1503.0888551933283,42951.0,2000929.0,0
200,56,2,1776,1104,602,50.10356406692634,873.4899817850637,44983.0,1995866.0,0
201,57,3,456,510,1521,50.47723703757172,1076.4150239744272,48053.0,1981091.0,0
202,58,6,1416,1460,3971,65.6303201578278,2030.3205627705627,45375.0,1523686.0,0
203,59,8,936,1935,296,95.88564294679594,1722.9330006238304,41826.0,1042909.0,0
204,60,4,1896,985,2746,181.23066495343278,747.6166623942579,30471.0,551783.0,0
205,61,4,696,1223,2134,4264.5741822679,208.0439313772647,0.0,23449.0,4
206,61,4,696,1223,2134,4399.4720633523975,197.8603084988406,0.0,22730.0,1
207,61,4,696,1223,2134,4495.594317568783,189.28613669510318,0.0,22244.0,0
208,61,4,696,1223,2134,3815.774411416797,215.54957637279193,0.0,26207.0,2
209,61,4,696,1223,2134,4288.164665523156,215.0735759810799,0.0,23320.0,3
210,62,7,1656,273,4584,2171.4583514288197,447.87816193085246,0.0,46052.0,1
211,62,7,1656,273,4584,2662.1941804435214,358.24147784440777,0.0,37563.0,4
212,62,7,1656,273,4584,2743.935901657337,349.76785856812194,0.0,36444.0,0
213,62,7,1656,273,4584,2712.2321670735014,352.4608507829843,0.0,36870.0,3
214,62,7,1656,273,4584,2636.991719846,359.4514740908272,0.0,37922.0,2
215,63,5,216,748,909,4518.957024718695,198.54107847259766,0.0,22129.0,4
216,63,5,216,748,909,4756.921320521358,204.7187562129707,0.0,21022.0,3
217,63,5,216,748,909,5086.46998982706,177.0133534136546,0.0,19660.0,2
218,63,5,216,748,909,3387.1896487484332,285.92052808180875,0.0,29523.0,1
219,63,5,216,748,909,5240.26620552324,171.03305752326528,0.0,19083.0,0
220,64,2,1176,1698,3359,5303.9142887450935,147.3052331378884,0.0,18854.0,1
221,64,2,1176,1698,3359,5847.611250804047,148.5788938917002,0.0,17101.0,0
222,64,2,1176,1698,3359,66.48648828341861,578.2156908940982,41751.0,1504065.0,2
223,65,2,156,1519,2899,96.63301582945432,839.5530726256983,39446.0,1034843.0,0
224,66,5,1116,569,449,183.52833218628126,529.5960440172726,28312.0,544875.0,0
225,67,7,636,1044,4124,3412.7363319909905,274.8825536840425,0.0,29302.0,2
226,67,7,636,1044,4124,3424.7748210555155,265.34575684652253,0.0,29199.0,1
227,67,7,636,1044,4124,3387.533875338753,265.8485412042314,0.0,29520.0,3
228,67,7,636,1044,4124,3359.4248664628617,275.1866661324572,0.0,29767.0,0
229,67,7,636,1044,4124,3356.9438383295847,272.9502823274999,0.0,29789.0,4
230,68,3,1596,1994,1674,5814.291528577243,152.07059057466694,0.0,17199.0,0
231,68,3,1596,1994,1674,3701.2362128951067,205.40440454481694,0.0,27018.0,2
232,68,3,1596,1994,1674,5976.571838393497,148.4313478998304,0.0,16732.0,4
233,68,3,1596,1994,1674,3469.692238298463,261.0823567057318,0.0,28821.0,1
234,68,3,1596,1994,1674,5008.2636349977465,179.97197289246947,0.0,19967.0,3
235,69,4,876,332,3512,3125.097659301853,302.5892176147084,0.0,31999.0,3
236,69,4,876,332,3512,3237.8177108628784,293.5226876964032,0.0,30885.0,4
237,69,4,876,332,3512,3085.9435272334517,308.2038976906283,0.0,32405.0,0
238,69,4,876,332,3512,3154.2756206037284,303.5518050071158,0.0,31703.0,2
239,69,4,876,332,3512,2992.130696268813,303.2587496740809,0.0,33421.0,1
240,70,8,1836,1282,1062,4305.890458146745,203.5979544453785,0.0,23224.0,2
241,70,8,1836,1282,1062,4348.39326868722,204.41664997395938,0.0,22997.0,0
242,70,8,1836,1282,1062,3904.1149371437496,217.45635064048508,0.0,25614.0,1
243,70,8,1836,1282,1062,4200.974626113259,207.76328174856414,0.0,23804.0,3
244,70,8,1836,1282,1062,4252.785574551331,211.27710626014795,0.0,23514.0,4
245,71,6,396,1757,4737,3864.883667001623,237.46210953915113,0.0,25874.0,0
246,71,6,396,1757,4737,3848.8184127472864,242.24279095774423,0.0,25982.0,3
247,71,6,396,1757,4737,3580.8923583757073,241.74133675783054,0.0,27926.0,1
248,71,6,396,1757,4737,3527.959075674722,258.9403813517021,0.0,28345.0,2
249,71,6,396,1757,4737,3857.875853555033,236.8205969432664,0.0,25921.0,4
250,72,2,1356,807,2287,197.4668946751077,225.90344210996872,23176.0,506414.0,1
251,72,2,1356,807,2287,5421.523448088913,160.034002285531,0.0,18445.0,0
252,73,2,756,1876,756,198.7893727201344,179.2488733560195,28380.0,503045.0,0
253,74,6,1716,926,3206,3783.43611668117,240.43294446106293,0.0,26431.0,4
254,74,6,1716,926,3206,3775.437006833541,243.63185487889965,0.0,26487.0,2
255,74,6,1716,926,3206,3875.3681599751976,235.55284050107716,0.0,25804.0,0
256,74,6,1716,926,3206,3777.5763070414023,244.05806853332263,0.0,26472.0,1
257,74,6,1716,926,3206,3670.9371902646744,260.2255490219609,0.0,27241.0,3
258,75,7,276,451,1981,3382.377811601556,288.4808434867855,0.0,29565.0,3
259,75,7,276,451,1981,3218.2280436391725,294.0233216957606,0.0,31073.0,2
260,75,7,276,451,1981,3285.1511169513797,286.19512828710737,0.0,30440.0,4
261,75,7,276,451,1981,3292.0726889649723,293.29448962952654,0.0,30376.0,1
262,75,7,276,451,1981,3323.142363418849,285.6313612912292,0.0,30092.0,0
263,76,4,1236,1401,4431,3897.875657766517,228.49676051593985,0.0,25655.0,1
264,76,4,1236,1401,4431,3956.948401392846,226.8636764470098,0.0,25272.0,3
265,76,4,1236,1401,4431,3868.172675228222,232.8510446685879,0.0,25852.0,2
266,76,4,1236,1401,4431,3911.4448877415316,231.2073968819421,0.0,25566.0,4
267,76,4,1236,1401,4431,3912.210007433199,230.79798607907247,0.0,25561.0,0
268,77,3,516,688,143,4239.443784975411,188.428223017412,0.0,23588.0,1
269,77,3,516,688,143,5478.55147099107,171.8269818748626,0.0,18253.0,3
270,77,3,516,688,143,5072.27998985544,169.5458502146095,0.0,19715.0,2
271,77,3,516,688,143,5983.366241847663,146.7215969292897,0.0,16713.0,0
272,77,3,516,688,143,6110.601894286588,146.6176106900678,0.0,16365.0,4
273,78,6,1476,1638,2593,4026.899689928724,220.47882906429692,0.0,24833.0,2
274,78,6,1476,1638,2593,4283.9395107741075,207.80098506386898,0.0,23343.0,4
275,78,6,1476,1638,2593,4436.950927322744,204.95919346136168,0.0,22538.0,3
276,78,6,1476,1638,2593,4165.451743241554,221.63315827453496,0.0,24007.0,1
277,78,6,1476,1638,2593,4395.21800281294,204.28500368093276,0.0,22752.0,0
278,79,5,996,1163,1368,4920.049200492005,182.0896566848758,0.0,20325.0,1
279,79,5,996,1163,1368,4940.711462450593,173.8595579713041,0.0,20240.0,0
280,79,5,996,1163,1368,4877.335024142808,176.69888908977683,0.0,20503.0,2
281,79,5,996,1163,1368,4545.661166416655,207.04738473847385,0.0,21999.0,3
282,79,5,996,1163,1368,4657.878801993572,183.19427045691802,0.0,21469.0,4
283,80,1,1956,213,3818,4544.008724496751,200.4419022520364,0.0,22007.0,3
284,80,1,1956,213,3818,4032.74589668105,246.85271302291085,0.0,24797.0,1
285,80,1,1956,213,3818,4376.559149196902,211.95989304812835,0.0,22849.0,0
286,80,1,1956,213,3818,4561.419513752679,203.6211277201138,0.0,21923.0,2
287,80,1,1956,213,3818,4524.272723159752,207.69192781000945,0.0,22103.0,4
288,81,1,801,1119,3167,5763.688760806916,148.45426415395673,0.0,17350.0,4
289,81,1,801,1119,3167,5544.1592282530355,151.72916583316663,0.0,18037.0,2
290,81,1,801,1119,3167,5669.898508816692,150.20418386566746,0.0,17637.0,0
291,81,1,801,1119,3167,5698.655117392295,150.4194914407846,0.0,17548.0,1
292,81,1,801,1119,3167,5775.672865888876,148.61538307861352,0.0,17314.0,3
293,82,5,1761,169,717,4068.513771919118,203.40744945722537,0.0,24579.0,2
294,82,5,1761,169,717,4596.221905593602,198.44381359828873,0.0,21757.0,4
295,82,5,1761,169,717,4203.446826397646,217.79976409907837,0.0,23790.0,3
296,82,5,1761,169,717,4584.632312488538,199.52614313717646,0.0,21812.0,1
297,82,5,1761,169,717,4573.728503476033,197.5406359719119,0.0,21864.0,0
298,83,6,321,644,4392,3453.992815694943,274.43367705883537,0.0,28952.0,0
299,83,6,321,644,4392,3444.3564220025487,272.3219278364989,0.0,29033.0,1
300,83,6,321,644,4392,3284.7194849559846,280.66270436853375,0.0,30444.0,2
301,83,6,321,644,4392,3358.74785879824,285.9585143178893,0.0,29773.0,3
302,83,6,321,644,4392,3187.047837588042,301.3886225631192,0.0,31377.0,4
303,84,3,1281,1594,1942,5640.476056179142,151.55960191817653,0.0,17729.0,0
304,84,3,1281,1594,1942,99.67446320317842,345.3887728095835,35950.0,1003266.0,1
305,85,4,561,406,2555,99.46042718253474,577.5141125213108,39496.0,1005425.0,0
306,86,7,1521,1356,105,98.67187654174808,303.9443878749902,37247.0,1013460.0,0
307,87,6,1041,1831,3780,192.21491164841586,225.17520897043832,25625.0,520251.0,0
308,88,2,2001,881,1330,63.011217887120445,1496.8655455959702,36691.0,1587019.0,2
309,88,2,2001,881,1330,5664.117813650524,154.1938851155056,0.0,17655.0,1
310,88,2,2001,881,1330,5881.315062047874,149.21278893065664,0.0,17003.0,0
311,89,3,201,1712,411,91.3757718968331,1351.2505501583382,31558.0,1094382.0,0
312,90,6,1161,762,2861,167.90722118586154,737.5561247604112,21540.0,595567.0,0
313,91,8,681,287,1636,3352.2174918708724,279.9197687169774,0.0,29831.0,4
314,91,8,681,287,1636,2822.626171389861,294.283131325253,0.0,35428.0,0
315,91,8,681,287,1636,3128.3238440843397,299.42300319488817,0.0,31966.0,2
316,91,8,681,287,1636,3162.1553250695674,295.3749549043973,0.0,31624.0,3
317,91,8,681,287,1636,3168.8690306429635,310.5176552826044,0.0,31557.0,1
318,92,4,1641,1237,4086,4103.742613263296,216.1501090065404,0.0,24368.0,1
319,92,4,1641,1237,4086,3884.2493688094773,230.36065639303632,0.0,25745.0,3
320,92,4,1641,1237,4086,3783.5792659856224,224.6457395514475,0.0,26430.0,4
321,92,4,1641,1237,4086,4075.145686458291,216.3362321163788,0.0,24539.0,0
322,92,4,1641,1237,4086,3984.381225595665,225.84690671096612,0.0,25098.0,2
323,93,3,921,1000,1024,5590.965000559097,154.3951134450413,0.0,17886.0,0
324,93,3,921,1000,1024,5364.519070865297,165.34579123239718,0.0,18641.0,3
325,93,3,921,1000,1024,5334.755934915977,156.18033775633293,0.0,18745.0,4
326,93,3,921,1000,1024,4752.174119659744,186.2630832534356,0.0,21043.0,1
327,93,3,921,1000,1024,5348.451623255068,162.16405749519538,0.0,18697.0,2
328,94,7,1881,1950,3474,4021.393815096312,227.86592535023215,0.0,24867.0,1
329,94,7,1881,1950,3474,3819.27204674789,245.86732226019868,0.0,26183.0,2
330,94,7,1881,1950,3474,3397.316120264991,270.451901387364,0.0,29435.0,0
331,94,7,1881,1950,3474,3748.406927056001,251.64481628083644,0.0,26678.0,4
332,94,7,1881,1950,3474,3898.027598035394,230.41747921994886,0.0,25654.0,3
333,95,5,441,1475,2249,4811.393379522709,185.0477638211057,0.0,20784.0,4
334,95,5,441,1475,2249,4750.593824228028,181.97854025703649,0.0,21050.0,3
335,95,5,441,1475,2249,4644.897580008361,186.84510309793805,0.0,21529.0,1
336,95,5,441,1475,2249,4754.433509247373,188.4024089624627,0.0,21033.0,0
337,95,5,441,1475,2249,4624.705175045091,196.79334606493114,0.0,21623.0,2
338,96,2,1401,525,4699,193.75376608882834,384.3053569380186,24025.0,516119.0,0
339,97,2,381,703,3933,100.30351844682008,317.8376638999158,33399.0,996974.0,0
340,98,5,1341,1653,1483,67.78332923244191,257.97267565649395,44540.0,1475289.0,0
341,99,7,861,1178,2708,49.60462632586965,1024.8185218165627,44359.0,2015941.0,0
342,100,4,1821,228,258,65.26788878612822,726.1814072932717,40131.0,1532147.0,0
343,101,4,621,1891,4545,95.19068121307197,569.777901941612,28837.0,1050523.0,0
344,102,8,1581,941,2095,183.85191831091566,469.1407961528186,23615.0,543916.0,0
345,103,6,141,466,3320,2800.6497507421723,363.4310423757489,0.0,35706.0,4
346,103,6,141,466,3320,2807.726864330638,332.5228700803894,0.0,35616.0,2
347,103,6,141,466,3320,2730.6736571912293,339.47395581357847,0.0,36621.0,3
348,103,6,141,466,3320,3327.565553041395,287.18882909556487,0.0,30052.0,0
349,103,6,141,466,3320,3228.09735941636,297.079138557343,0.0,30978.0,1
350,104,3,1101,1416,870,5453.157378121932,158.03422517723394,0.0,18338.0,3
351,104,3,1101,1416,870,5820.044232336166,151.12277354966966,0.0,17182.0,2
352,104,3,1101,1416,870,6026.637738805521,140.72103381468833,0.0,16593.0,4
353,104,3,1101,1416,870,5538.6319579063975,166.61008595299634,0.0,18055.0,1
354,104,3,1101,1416,870,4309.787527474896,200.65728782287823,0.0,23203.0,0
355,105,2,981,109,2402,4646.624227498723,196.7620456635611,0.0,21521.0,3
356,105,2,981,109,2402,4600.027600165601,198.23085380724868,0.0,21739.0,2
357,105,2,981,109,2402,4200.621692010418,213.29414596958634,0.0,23806.0,1
358,105,2,981,109,2402,4013.968610765464,216.82202593873023,0.0,24913.0,4
359,105,2,981,109,2402,4709.871891484551,193.93399168399168,0.0,21232.0,0
360,106,6,1941,1059,4852,3412.5034125034126,266.1801436028721,0.0,29304.0,3
361,106,6,1941,1059,4852,3332.1115590949985,272.3320541264416,0.0,30011.0,2
362,106,6,1941,1059,4852,3319.061369444721,276.5629170925269,0.0,30129.0,0
363,106,6,1941,1059,4852,3170.0744967506735,303.48318417144924,0.0,31545.0,1
364,106,6,1941,1059,4852,3270.0042510055264,284.68087852691446,0.0,30581.0,4
365,107,8,501,1534,1177,4324.511330219685,206.90741036492852,0.0,23124.0,1
366,107,8,501,1534,1177,4500.247513613249,195.07906790679067,0.0,22221.0,2
367,107,8,501,1534,1177,4179.553623672991,223.87217819404418,0.0,23926.0,4
368,107,8,501,1534,1177,4345.181194055792,205.74166132135986,0.0,23014.0,3
369,107,8,501,1534,1177,4464.485021652752,200.16088580043532,0.0,22399.0,0
370,108,4,1461,584,3627,3672.689878066696,259.2931768011238,0.0,27228.0,0
371,108,4,1461,584,3627,3594.148725874277,257.7298873531997,0.0,27823.0,1
372,108,4,1461,584,3627,3525.3472467038005,268.1714348768157,0.0,28366.0,2
373,108,4,1461,584,3627,3603.993224492738,260.0666321594235,0.0,27747.0,4
374,108,4,1461,584,3627,3631.477648255075,260.4409693826668,0.0,27537.0,3
375,109,3,261,1297,1789,5336.464058914563,164.66559114085405,0.0,18739.0,1
376,109,3,261,1297,1789,5394.034198176816,157.84334182860783,0.0,18539.0,0
377,109,3,261,1297,1789,5087.763927753752,180.10017592259405,0.0,19655.0,4
378,109,3,261,1297,1789,4868.075163080518,176.16926890705903,0.0,20542.0,3
379,109,3,261,1297,1789,4975.867044832562,178.22123083051184,0.0,20097.0,2
380,110,7,1221,347,4239,2859.839277032631,333.78761026543714,0.0,34967.0,3
381,110,7,1221,347,4239,2802.2978842650973,345.9159887798036,0.0,35685.0,1
382,110,7,1221,347,4239,2765.2573071924344,345.4675774061925,0.0,36163.0,4
383,110,7,1221,347,4239,2804.8130592096036,344.4756046414092,0.0,35653.0,2
384,110,7,1221,347,4239,2675.513698630137,347.57973909742896,0.0,37376.0,0
385,111,5,741,822,564,5462.9882545752525,163.03353536164406,0.0,18305.0,4
386,111,5,741,822,564,5523.336095001381,160.43925102913553,0.0,18105.0,1
387,111,5,741,822,564,5318.583129454313,167.40388182960643,0.0,18802.0,3
388,111,5,741,822,564,5438.920918089851,169.20963455813302,0.0,18386.0,0
389,111,5,741,822,564,5387.640752114649,173.14000279446697,0.0,18561.0,2
390,112,1,1701,1772,3014,6179.705846001731,132.7409626482847,0.0,16182.0,1
391,112,1,1701,1772,3014,6207.324643078833,140.13090565050226,0.0,16110.0,3
392,112,1,1701,1772,3014,6165.988407941793,143.60071518468945,0.0,16218.0,0
393,112,1,1701,1772,3014,6037.918125830214,144.5926785821508,0.0,16562.0,2
394,113,1,351,258,1100,4440.891731059597,210.1367948077883,0.0,22518.0,4
395,113,1,351,258,1100,4598.96983075791,203.39455031023473,0.0,21744.0,1
396,113,1,351,258,1100,4524.272723159752,204.91816726690675,0.0,22103.0,2
397,113,1,351,258,1100,4423.800044238001,216.59522143356992,0.0,22605.0,0
398,114,5,1311,1208,3550,3963.6925760038052,226.8588016628028,0.0,25229.0,3
399,114,5,1311,1208,3550,4072.656186364747,217.2216000797051,0.0,24554.0,2
400,114,5,1311,1208,3550,4048.582995951417,220.45449095813768,0.0,24700.0,4
401,114,5,1311,1208,3550,3852.8221922558273,232.9171266298696,0.0,25955.0,0
402,114,5,1311,1208,3550,4023.173479240425,222.16874672893434,0.0,24856.0,1
403,115,7,831,1683,2325,4144.562334217507,217.1770858235716,0.0,24128.0,2
404,115,7,831,1683,2325,3838.1822368926078,216.34172597332696,0.0,26054.0,1
405,115,7,831,1683,2325,4016.3868583821995,222.94263420848344,0.0,24898.0,3
406,115,7,831,1683,2325,3819.7097020626434,227.77991947057885,0.0,26180.0,4
407,115,7,831,1683,2325,4126.09341475491,220.58071825309298,0.0,24236.0,0
408,116,3,1791,733,4775,3773.442511603336,244.86764558383985,0.0,26501.0,3
409,116,3,1791,733,4775,3790.750568612585,243.45758108324014,0.0,26380.0,1
410,116,3,1791,733,4775,3611.281643855404,255.94122613065326,0.0,27691.0,4
411,116,3,1791,733,4775,3916.1934599569217,236.6180062367971,0.0,25535.0,2
412,116,3,1791,733,4775,3869.220352099052,240.29357174286972,0.0,25845.0,0
413,117,4,1071,1445,488,5820.721769499418,149.2382870933642,0.0,17180.0,0
414,117,4,1071,1445,488,5241.914347119568,156.1197885497706,0.0,19077.0,4
415,117,4,1071,1445,488,5884.776084269994,146.9126033675401,0.0,16993.0,1
416,117,4,1071,1445,488,5823.433496389472,148.9340810940499,0.0,17172.0,3
417,117,4,1071,1445,488,5568.858940803029,163.14168345065508,0.0,17957.0,2
418,118,7,2031,495,2938,3251.7152798100997,297.23174825174823,0.0,30753.0,0
419,118,7,2031,495,2938,3161.855376735068,305.22171963813946,0.0,31627.0,1
420,118,7,2031,495,2938,2807.726864330638,364.02756686366826,0.0,35616.0,3
421,118,7,2031,495,2938,3311.3679260902677,290.96654009026025,0.0,30199.0,2
422,118,7,2031,495,2938,3253.1962653306873,295.5608299087902,0.0,30739.0,4
423,119,6,591,970,1713,4475.073838718339,199.93176183621242,0.0,22346.0,0
424,119,6,591,970,1713,4424.582983053847,206.3918918918919,0.0,22601.0,2
425,119,6,591,970,1713,200.40280964739125,160.15351681957188,32111.0,498995.0,4
426,119,6,591,970,1713,4259.488009541253,212.00521136076648,0.0,23477.0,1
427,119,6,591,970,1713,4463.8871529327735,200.7047372747138,0.0,22402.0,3
428,120,2,1551,1920,4163,5862.695667467901,143.6722113305172,0.0,17057.0,1
429,120,2,1551,1920,4163,5993.766482857828,143.6517912756937,0.0,16684.0,0
430,120,2,1551,1920,4163,49.261035210802746,1293.9919470808168,43126.0,2030002.0,3
431,120,2,1551,1920,4163,6024.096385542169,145.43429525399475,0.0,16600.0,2
432,121,3,711,614,2631,49.25681320240216,766.7773157441927,43189.0,2030176.0,0
433,122,6,1671,1564,181,64.61359133971112,1091.113494287562,40672.0,1547662.0,0
434,123,8,231,1089,3856,94.69813548841037,1138.3987318439872,36137.0,1055987.0,0
435,124,4,1191,139,1406,181.87340519757817,510.03485477178424,21038.0,549833.0,0
436,125,3,471,1801,3244,4259.669449650707,208.5570968193919,0.0,23476.0,0
437,125,3,471,1801,3244,5135.579293344289,166.2442238952014,0.0,19472.0,4
438,125,3,471,1801,3244,5357.9082726103725,165.99159478876905,0.0,18664.0,2
439,125,3,471,1801,3244,4737.091425864519,199.3630378837752,0.0,21110.0,1
440,125,3,471,1801,3244,5237.795935470354,167.48353995727774,0.0,19092.0,3
441,126,7,1431,851,794,3955.383276639506,196.9020039638846,0.0,25282.0,4
442,126,7,1431,851,794,4027.2240344730376,232.52799198798198,0.0,24831.0,0
443,126,7,1431,851,794,3845.414343395501,217.45629125825164,0.0,26005.0,2
444,126,7,1431,851,794,4386.3496797964735,203.52386746723585,0.0,22798.0,3
445,126,7,1431,851,794,4410.921441489127,212.4894356296445,0.0,22671.0,1
446,127,5,951,376,4469,3015.1359826328166,318.66117010619115,0.0,33166.0,3
447,127,5,951,376,4469,2829.0944068803574,343.41229472170056,0.0,35347.0,2
448,127,5,951,376,4469,2875.8771425284713,339.9171733440709,0.0,34772.0,0
449,127,5,951,376,4469,2941.2629783228917,327.375379029684,0.0,33999.0,4
450,127,5,951,376,4469,2981.4257177782415,322.53905280435566,0.0,33541.0,1
451,128,2,1911,1326,2019,49.67956679417755,1073.5630789589766,45339.0,2012900.0,1
452,128,2,1911,1326,2019,5968.011458582,141.59821142765685,0.0,16756.0,0
453,129,2,891,1623,1866,65.95027085776242,1341.1945999341456,44027.0,1516294.0,0
454,130,5,1851,673,4316,97.19873252852783,731.5965933135844,40901.0,1028820.0,0
455,131,7,411,198,641,196.55981020184726,197.8569680489463,27858.0,508751.0,0
456,132,3,1371,1148,3091,4713.868200245121,188.16181275179892,0.0,21214.0,3
457,132,3,1371,1148,3091,4751.496721467262,185.1473936968484,0.0,21046.0,2
458,132,3,1371,1148,3091,4722.550177095632,188.3995385655754,0.0,21175.0,0
459,132,3,1371,1148,3091,4499.842505512307,186.1286195420395,0.0,22223.0,4
460,132,3,1371,1148,3091,4557.054320087495,197.52567516165843,0.0,21944.0,1
461,133,4,171,911,2478,4159.21474025704,214.32784850668588,0.0,24043.0,0
462,133,4,171,911,2478,4087.3048311943103,210.91869934967482,0.0,24466.0,4
463,133,4,171,911,2478,4123.371268349002,224.2526875250702,0.0,24252.0,1
464,133,4,171,911,2478,4145.76510094938,218.21759351670724,0.0,24121.0,2
465,133,4,171,911,2478,4111.6730397598785,221.76137837460342,0.0,24321.0,3
466,134,8,1131,1861,4928,3368.2508673245984,274.39993601663565,0.0,29689.0,3
467,134,8,1131,1861,4928,3523.3598759777324,258.84292974588936,0.0,28382.0,4
468,134,8,1131,1861,4928,3300.5478909498975,276.5699946011877,0.0,30298.0,0
469,134,8,1131,1861,4928,3536.5681143018815,258.78566292493906,0.0,28276.0,1
470,134,8,1131,1861,4928,3471.619510501649,257.18459383753503,0.0,28805.0,2
471,135,6,651,1386,1253,4983.0576041459035,176.5412323788986,0.0,20068.0,0
472,135,6,651,1386,1253,4553.3193698206,191.50203975522936,0.0,21962.0,1
473,135,6,651,1386,1253,4867.838193058463,183.020810843229,0.0,20543.0,3
474,135,6,651,1386,1253,4844.491812808837,177.75468678097678,0.0,20642.0,2
475,135,6,651,1386,1253,4757.600266425615,175.18835848230282,0.0,21019.0,4
476,136,2,1611,436,3703,4543.182953977556,207.7758796379548,0.0,22011.0,0
477,136,2,1611,436,3703,67.18258412435227,226.3202115158637,45088.0,1488481.0,1
478,137,2,531,1267,4622,96.67767180830751,983.5730193141505,39879.0,1034365.0,0
479,138,5,1491,317,2172,182.78528212908296,654.4187419029797,29325.0,547090.0,0
480,139,7,1011,792,3397,3526.4661282928378,264.1560715569221,0.0,28357.0,0
481,139,7,1011,792,3397,3181.167488468268,283.74509102472376,0.0,31435.0,1
482,139,7,1011,792,3397,3535.5678121906376,265.94171373632975,0.0,28284.0,2
483,139,7,1011,792,3397,3524.10487736115,265.44237718915053,0.0,28376.0,3
484,139,7,1011,792,3397,3491.8639569802363,265.70770058591415,0.0,28638.0,4
485,140,4,1971,1742,947,5397.819281010472,173.59195287539936,0.0,18526.0,1
486,140,4,1971,1742,947,5626.828719333784,152.71219970795912,0.0,17772.0,4
487,140,4,1971,1742,947,5592.841163310962,156.03667300570513,0.0,17880.0,0
488,140,4,1971,1742,947,5566.069241901369,155.4063358947094,0.0,17966.0,2
489,140,4,1971,1742,947,5292.96564865294,178.83619282671867,0.0,18893.0,3
490,141,3,771,555,4009,4060.7488020791034,241.8292184778038,0.0,24626.0,3
491,141,3,771,555,4009,3682.0206929562946,251.85268196931457,0.0,27159.0,4
492,141,3,771,555,4009,4080.466805402538,230.99870059772505,0.0,24507.0,0
493,141,3,771,555,4009,4173.622704507513,229.88372510317603,0.0,23960.0,2
494,141,3,771,555,4009,4065.2059026789707,224.7465230323981,0.0,24599.0,1
495,142,6,1731,1505,1559,4247.005860868088,214.41219848518156,0.0,23546.0,4
496,142,6,1731,1505,1559,4788.584015706556,184.3393155590927,0.0,20883.0,2
497,142,6,1731,1505,1559,4755.111745126011,187.333619862466,0.0,21030.0,0
498,142,6,1731,1505,1559,4537.410953310041,193.22025671881266,0.0,22039.0,1
499,142,6,1731,1505,1559,4760.544606302961,186.2280309681539,0.0,21006.0,3
500,143,5,291,1980,2784,4637.358560563903,197.87745627726417,0.0,21564.0,0
501,143,5,291,1980,2784,4806.998990530212,185.79253451440428,0.0,20803.0,3
502,143,5,291,1980,2784,4778.744146038421,190.86536388678192,0.0,20926.0,4
503,143,5,291,1980,2784,4868.7862115974485,179.4541252276229,0.0,20539.0,1
504,143,5,291,1980,2784,4507.956543298923,202.97540293480876,0.0,22183.0,2
505,144,1,1251,1030,334,5618.293162537221,156.11001029076454,0.0,17799.0,1
506,144,1,1251,1030,334,5702.87995437696,149.28882420956103,0.0,17535.0,0
507,144,1,1251,1030,334,5645.889792231255,155.14806232520974,0.0,17712.0,3
508,144,1,1251,1030,334,5730.659025787965,151.1595742556463,0.0,17450.0,4
509,144,1,1251,1030,334,5622.71577171774,155.50776900038193,0.0,17785.0,2
510,145,1,929,473,3148,4595.165885488466,213.26150323544053,0.0,21762.0,3
511,145,1,929,473,3148,4711.2032413078305,210.3005019698818,0.0,21226.0,0
512,145,1,929,473,3148,4502.679094060966,210.99314835219874,0.0,22209.0,4
513,145,1,929,473,3148,4765.9898961014205,196.29207118121585,0.0,20982.0,1
514,145,1,929,473,3148,4634.349800722958,206.719699091673,0.0,21578.0,2
515,146,5,1889,1423,698,4955.8925562493805,186.17905472835415,0.0,20178.0,0
516,146,5,1889,1423,698,5761.032377001959,148.42219163874262,0.0,17358.0,4
517,146,5,1889,1423,698,5536.178929302995,157.99637303622956,0.0,18063.0,1
518,146,5,1889,1423,698,5454.644629902362,162.05721906901186,0.0,18333.0,3
519,146,5,1889,1423,698,5387.060281204546,156.13256737079368,0.0,18563.0,2
520,147,6,449,1898,4373,4102.227509537679,220.86109095307208,0.0,24377.0,1
521,147,6,449,1898,4373,4112.180277983387,221.60915090365674,0.0,24318.0,4
522,147,6,449,1898,4373,4010.2662816811035,222.56890720989335,0.0,24936.0,2
523,147,6,449,1898,4373,4055.972419387548,223.53640898255173,0.0,24655.0,0
524,147,6,449,1898,4373,3674.444240308653,237.42419749128362,0.0,27215.0,3
525,148,3,1409,948,1923,4804.458537522821,188.25914554612405,0.0,20814.0,4
526,148,3,1409,948,1923,4472.27191413238,222.690293435676,0.0,22360.0,3
527,148,3,1409,948,1923,4978.592054167081,175.15781262501,0.0,20086.0,1
528,148,3,1409,948,1923,4813.477737665463,188.93119311931193,0.0,20775.0,0
529,148,3,1409,948,1923,4929.022082018927,180.28731641123883,0.0,20288.0,2
530,149,4,209,1185,3761,3714.296326560933,248.99107589491166,0.0,26923.0,0
531,149,4,209,1185,3761,4066.6937779585196,220.55091763207133,0.0,24590.0,4
532,149,4,209,1185,3761,3989.786147462496,226.0226048441802,0.0,25064.0,1
533,149,4,209,1185,3761,4020.7470548027823,216.25989936556553,0.0,24871.0,3
534,149,4,209,1185,3761,3749.812509374531,226.39724445506312,0.0,26668.0,2
535,150,7,1169,235,1311,3346.720214190094,276.5300050530571,0.0,29880.0,0
536,150,7,1169,235,1311,3556.567201337269,269.6884780653543,0.0,28117.0,4
537,150,7,1169,235,1311,3441.0378170056088,281.33804817541613,0.0,29061.0,3
538,150,7,1169,235,1311,3572.321651841532,259.63356693909515,0.0,27993.0,2
539,150,7,1169,235,1311,3181.572333046992,305.24388785940585,0.0,31431.0,1
540,151,5,689,710,4986,3349.1861477660927,288.74414050792257,0.0,29858.0,4
541,151,5,689,710,4986,3067.3905708413854,305.6171954964176,0.0,32601.0,0
542,151,5,689,710,4986,3301.3106203162656,284.2018510004597,0.0,30291.0,3
543,151,5,689,710,4986,3171.582619727244,296.59577470387154,0.0,31530.0,2
544,151,5,689,710,4986,2872.8202476371052,334.38358957954296,0.0,34809.0,1
545,152,2,1649,1660,2536,5977.286312014346,144.75945897276856,0.0,16730.0,0
546,152,2,1649,1660,2536,5404.236921746649,181.2447319630789,0.0,18504.0,1
547,152,2,1649,1660,2536,5983.724269985639,144.12093199696523,0.0,16712.0,3
548,152,2,1649,1660,2536,5921.013677541595,149.24894540074771,0.0,16889.0,4
549,152,2,1649,1660,2536,5499.945000549995,164.56080851658777,0.0,18182.0,2
550,153,2,569,829,1004,5920.312592504884,149.07538101055414,0.0,16891.0,3
551,153,2,569,829,1004,5781.683626271971,153.00888319795126,0.0,17296.0,2
552,153,2,569,829,1004,5629.996622002027,153.91959588713533,0.0,17762.0,4
553,153,2,569,829,1004,5208.875924575476,188.76103656457468,0.0,19198.0,1
554,153,2,569,829,1004,5523.946307241894,165.18568723213394,0.0,18103.0,0
555,154,6,1529,1779,3454,4117.429077284144,223.2350475349994,0.0,24287.0,2
556,154,6,1529,1779,3454,4137.189193661826,219.91713497090888,0.0,24171.0,0
557,154,6,1529,1779,3454,3954.9139806209214,225.69937669809812,0.0,25285.0,3
558,154,6,1529,1779,3454,4014.774369680424,225.79397426676258,0.0,24908.0,4
559,154,6,1529,1779,3454,4151.100041511,220.11668501651485,0.0,24090.0,1
560,155,8,1049,1304,2229,3551.0102624196584,275.95763987874165,0.0,28161.0,1
561,155,8,1049,1304,2229,3780.00378000378,242.9707064445822,0.0,26455.0,4
562,155,8,1049,1304,2229,3629.2371343543587,249.4272166430411,0.0,27554.0,2
563,155,8,1049,1304,2229,3837.0040672243113,232.40551842810837,0.0,26062.0,3
564,155,8,1049,1304,2229,3586.9292298862943,237.5251720609186,0.0,27879.0,0
565,156,4,2009,354,4679,2867.4657337844815,332.7441512594986,0.0,34874.0,4
566,156,4,2009,354,4679,2955.3447409640335,323.9776339850893,0.0,33837.0,2
567,156,4,2009,354,4679,2859.593937660852,332.870477713372,0.0,34970.0,3
568,156,4,2009,354,4679,2925.5163536364166,322.80742028290575,0.0,34182.0,1
569,156,4,2009,354,4679,2196.8848173290276,468.10235150740215,0.0,45519.0,0
570,157,3,809,1542,392,5657.708628005657,159.6900028059486,0.0,17675.0,3
571,157,3,809,1542,392,191.53602313755158,330.21830303030305,25390.0,522095.0,4
572,157,3,809,1542,392,5980.14591556034,151.87019192323072,0.0,16722.0,1
573,157,3,809,1542,392,5832.604257801108,139.45547686308836,0.0,17145.0,0
574,157,3,809,1542,392,5797.101449275362,147.29902823322402,0.0,17250.0,2
575,158,7,1769,592,2842,3458.532198934772,275.3705621301775,0.0,28914.0,1
576,158,7,1769,592,2842,3284.827382321059,278.6966199505359,0.0,30443.0,4
577,158,7,1769,592,2842,3475.9637109388577,273.7169381887877,0.0,28769.0,3
578,158,7,1769,592,2842,3424.6575342465753,265.97249336287604,0.0,29200.0,0
579,158,7,1769,592,2842,3400.4352557127313,285.72550041074754,0.0,29408.0,2
580,159,5,329,117,1617,3921.5686274509803,238.56778007923262,0.0,25500.0,4
581,159,5,329,117,1617,3907.7764751856193,243.33277860207724,0.0,25590.0,3
582,159,5,329,117,1617,2784.6620812564397,373.3519526344118,0.0,35911.0,2
583,159,5,329,117,1617,4124.561765312435,224.23738295269985,0.0,24245.0,1
584,159,5,329,117,1617,3886.966999650173,234.8947526537152,0.0,25727.0,0
585,160,1,1289,1067,4067,5628.4122249113525,155.6060939941504,0.0,17767.0,4
586,160,1,1289,1067,4067,5701.9044360816515,152.23624187906046,0.0,17538.0,2
587,160,1,1289,1067,4067,5634.755169887869,156.33145910036816,0.0,17747.0,3
588,160,1,1289,1067,4067,5446.029844243547,165.10980690649788,0.0,18362.0,1
589,161,2,269,1839,4833,5110.384300899427,184.28525893199378,0.0,19568.0,0
590,161,2,269,1839,4833,192.2038283158524,255.5387281035796,23989.0,520281.0,1
591,162,5,1229,889,2383,4329.941545789132,210.23261410122723,0.0,23095.0,2
592,162,5,1229,889,2383,4196.038939241356,215.33548771999602,0.0,23832.0,3
593,162,5,1229,889,2383,4268.396790165614,208.7518058713455,0.0,23428.0,1
594,162,5,1229,889,2383,4325.446602361694,212.89048985611225,0.0,23119.0,0
595,162,5,1229,889,2383,3806.768434276143,267.998899779956,0.0,26269.0,4
596,163,7,749,414,3608,2944.6407538280328,327.46794922966393,0.0,33960.0,3
597,163,7,749,414,3608,2872.4076520939852,328.31813738204016,0.0,34814.0,1
598,163,7,749,414,3608,2863.1964725419457,327.4388154479013,0.0,34926.0,2
599,163,7,749,414,3608,2938.0655776236927,329.1159478354935,0.0,34036.0,0
600,163,7,749,414,3608,2863.5244258633525,336.834221598878,0.0,34922.0,4
601,164,3,1709,1364,1158,93.9911460340436,685.287130234345,37082.0,1063930.0,0
602,165,4,989,651,4220,178.0953415601508,766.622669032131,24615.0,561497.0,0
603,166,8,1949,1601,1770,3601.786486097104,246.3783113741328,0.0,27764.0,3
604,166,8,1949,1601,1770,3637.1571979340947,258.30377135532456,0.0,27494.0,0
605,166,8,1949,1601,1770,4002.2412551028574,225.44777136443804,0.0,24986.0,4
606,166,8,1949,1601,1770,4303.851947493006,207.76134181469035,0.0,23235.0,1
607,166,8,1949,1601,1770,4119.634176485128,219.75537412777254,0.0,24274.0,2
608,167,6,509,1126,2995,4044.1622517895416,221.7082015770724,0.0,24727.0,2
609,167,6,509,1126,2995,4089.310542242578,223.16143074947843,0.0,24454.0,1
610,167,6,509,1126,2995,3946.4856545246457,230.07923284387175,0.0,25339.0,0
611,167,6,509,1126,2995,4110.321016071355,219.95981713185756,0.0,24329.0,4
612,167,6,509,1126,2995,4158.522892668524,217.64294571782872,0.0,24047.0,3
613,168,3,1469,176,545,49.311950356673336,1964.5770095559303,46270.0,2027906.0,0
614,169,2,629,1482,1464,63.876825040737444,1603.7592520954222,42252.0,1565513.0,0
615,170,6,1589,532,3914,92.5908779467047,851.6181818181818,31367.0,1080020.0,0
616,171,7,149,1007,239,176.0575778702667,531.2788883134818,20841.0,567996.0,0
617,172,4,1109,1957,2689,4646.408326363721,197.75857519788917,0.0,21522.0,2
618,172,4,1109,1957,2689,4756.468797564688,187.44159801150602,0.0,21024.0,1
619,172,4,1109,1957,2689,4702.562896778744,198.28494785097993,0.0,21265.0,0
620,172,4,1109,1957,2689,4629.62962962963,190.76502023968573,0.0,21600.0,4
621,172,4,1109,1957,2689,4510.599909788002,197.80792993821606,0.0,22170.0,3
622,173,3,389,295,2076,186.15595401203313,342.30302562519296,24270.0,537184.0,0
623,174,7,1349,1245,4526,3225.286244154169,286.44314484740823,0.0,31005.0,0
624,174,7,1349,1245,4526,3439.026067817594,265.33215730829795,0.0,29078.0,1
625,174,7,1349,1245,4526,3272.893892779996,281.7496534404822,0.0,30554.0,2
626,174,7,1349,1245,4526,97.56878111224508,238.3205272464234,37785.0,1024918.0,3
627,175,5,869,1720,851,192.49055833811352,207.55759092127602,27763.0,519506.0,0
628,176,1,1829,770,3301,5437.737901033171,164.58134646567774,0.0,18390.0,4
629,176,1,1829,770,3301,5379.52552584862,169.02971108667398,0.0,18589.0,2
630,176,1,1829,770,3301,5510.552708436656,161.9618901221752,0.0,18147.0,1
631,176,1,1829,770,3301,5589.402492873512,163.03740161402808,0.0,17891.0,0
632,176,1,1829,770,3301,5480.352934728997,159.16517580196515,0.0,18247.0,3
633,177,1,479,1393,315,6148.927012236365,138.4024252679075,0.0,16263.0,1
634,177,1,479,1393,315,5813.953488372093,145.30785152751517,0.0,17200.0,3
635,177,1,479,1393,315,6238.303181534623,136.40100647593079,0.0,16030.0,0
636,177,1,479,1393,315,6092.731371473832,142.34432836718733,0.0,16413.0,4
637,177,1,479,1393,315,6060.606060606061,135.5369050954649,0.0,16500.0,2
638,178,5,1439,443,2765,3331.112591605596,277.8039058427237,0.0,30020.0,1
639,178,5,1439,443,2765,3261.5786040443577,294.76128192288434,0.0,30660.0,2
640,178,5,1439,443,2765,3530.82409434362,273.2005233301374,0.0,28322.0,0
641,178,5,1439,443,2765,3588.473822083468,266.8439459188783,0.0,27867.0,4
642,178,5,1439,443,2765,3480.3187972018236,278.3640504205038,0.0,28733.0,3
643,179,7,959,918,1540,4067.355405515334,224.1663103634293,0.0,24586.0,2
644,179,7,959,918,1540,4132.231404958678,220.87506028938907,0.0,24200.0,0
645,179,7,959,918,1540,3726.476616359232,229.9314918447414,0.0,26835.0,3
646,179,7,959,918,1540,3713.468751160459,243.29136123040047,0.0,26929.0,4
647,179,7,959,918,1540,3948.1996209728363,227.07006420545747,0.0,25328.0,1
648,180,3,1919,1868,3990,5093.465084296847,174.41987650099563,0.0,19633.0,0
649,180,3,1919,1868,3990,5131.889561736632,178.41171776815816,0.0,19486.0,4
650,180,3,1919,1868,3990,5113.520147269381,170.65219049913665,0.0,19556.0,1
651,180,3,1919,1868,3990,5054.845068998635,179.44930146911653,0.0,19783.0,3
652,180,3,1919,1868,3990,4923.682914820286,179.17665029351863,0.0,20310.0,2
653,181,4,719,206,928,3987.3998165796083,230.39603330749816,0.0,25079.0,3
654,181,4,719,206,928,4241.421724562073,217.19333306766558,0.0,23577.0,4
655,181,4,719,206,928,4178.8549937317175,217.67781380083252,0.0,23930.0,2
656,181,4,719,206,928,4071.163945772096,226.08515061264467,0.0,24563.0,0
657,181,4,719,206,928,4301.260269258893,215.5753764322422,0.0,23249.0,1
658,182,8,1679,1156,3378,3345.376689415228,270.1369590549283,0.0,29892.0,3
659,182,8,1679,1156,3378,3118.470701967755,274.4906406115202,0.0,32067.0,4
660,182,8,1679,1156,3378,3404.7189404514656,267.8374655096573,0.0,29371.0,0
661,182,8,1679,1156,3378,3528.3325100557477,260.78733113179226,0.0,28342.0,1
662,182,8,1679,1156,3378,3419.972640218878,258.282889200561,0.0,29240.0,2
663,183,6,239,1631,2153,4622.781065088758,187.68793859649122,0.0,21632.0,4
664,183,6,239,1631,2153,4609.569466211856,191.1095551071778,0.0,21694.0,0
665,183,6,239,1631,2153,4274.234911950761,206.95451638689048,0.0,23396.0,3
666,183,6,239,1631,2153,4666.5733351999625,187.87144455097476,0.0,21429.0,2
667,183,6,239,1631,2153,4559.33980759586,188.98612776844968,0.0,21933.0,1
668,184,2,1199,681,4603,49.873147648954884,283.5212680218501,38893.0,2005087.0,1
669,184,2,1199,681,4603,4268.032437046521,220.5317263662854,0.0,23430.0,0
670,185,3,1079,1987,3684,39.58115224692306,2019.034881034881,45881.0,2526455.0,0
671,186,6,2039,1037,1234,49.196716020812175,4481.289052578105,46089.0,2032656.0,0
672,187,8,599,562,4909,65.42841215712241,3461.585142089953,45338.0,1528388.0,0
673,188,4,1559,1512,2459,65.02090096861636,2874.3683189275002,44394.0,1537967.0,0
674,189,4,359,800,3072,96.86233827621845,741.9126872911502,40759.0,1032393.0,0
675,190,7,1319,1750,622,189.5159761967934,346.8798305982001,25619.0,527660.0,0
676,191,5,839,1275,4297,3992.653517527749,225.98196292823081,0.0,25046.0,4
677,191,5,839,1275,4297,3846.893633391037,242.1961573282366,0.0,25995.0,1
678,191,5,839,1275,4297,3956.009177941293,230.3386002713271,0.0,25278.0,0
679,191,5,839,1275,4297,3950.3831871691555,228.64610975267567,0.0,25314.0,2
680,191,5,839,1275,4297,3970.3021399928534,229.2164496970424,0.0,25187.0,3
681,192,2,1799,325,1847,4463.687898942106,205.81490658407432,0.0,22403.0,1
682,192,2,1799,325,1847,4658.963846440552,197.46312466281694,0.0,21464.0,4
683,192,2,1799,325,1847,2906.9767441860463,363.00098186554453,0.0,34400.0,0
684,192,2,1799,325,1847,4606.384448846101,203.81070956368444,0.0,21709.0,2
685,192,2,1799,325,1847,4147.140546593124,217.02203790519692,0.0,24113.0,3
686,193,2,779,978,2000,5624.613307835087,156.4796707458046,0.0,17779.0,3
687,193,2,779,978,2000,5509.945451540029,159.0587139423077,0.0,18149.0,2
688,193,2,779,978,2000,5520.591807441758,154.76157009942898,0.0,18114.0,0
689,193,2,779,978,2000,5787.706910522051,150.27061208921367,0.0,17278.0,4
690,193,2,779,978,2000,5430.060816681147,166.9883145888171,0.0,18416.0,1
691,194,5,1739,1928,4450,3733.7116827838554,246.9568255753243,0.0,26783.0,1
692,194,5,1739,1928,4450,3746.019853905226,240.71155923658625,0.0,26695.0,2
693,194,5,1739,1928,4450,3978.9909279006843,222.57957130882528,0.0,25132.0,3
694,194,5,1739,1928,4450,4071.9928332926133,222.6756681348028,0.0,24558.0,0
695,194,5,1739,1928,4450,4098.528628222468,224.8271435121504,0.0,24399.0,4
696,195,7,299,1453,775,4716.313729189265,183.27791751507166,0.0,21203.0,1
697,195,7,299,1453,775,4842.380514260811,181.4995991983968,0.0,20651.0,2
698,195,7,299,1453,775,4920.775514221041,179.25079007226392,0.0,20322.0,4
699,195,7,299,1453,775,4883.289383728879,179.8170025665002,0.0,20478.0,0
700,195,7,299,1453,775,4189.183528130367,223.25901403956604,0.0,23871.0,3
701,196,3,1259,503,3225,3943.528669453427,242.05136234890495,0.0,25358.0,2
702,196,3,1259,503,3225,3619.9095022624433,257.13364855159205,0.0,27625.0,3
703,196,3,1259,503,3225,3303.600925008259,322.94028568574566,0.0,30270.0,4
704,196,3,1259,503,3225,3842.754486415863,251.835249500998,0.0,26023.0,1
705,196,3,1259,503,3225,3596.346112349853,264.63072662693395,0.0,27806.0,0
706,197,4,539,1690,1387,5298.013245033113,166.06588882641176,0.0,18875.0,2
707,197,4,539,1690,1387,5272.037115141291,165.60667188534956,0.0,18968.0,3
708,197,4,539,1690,1387,5338.1732771045745,163.1239661165941,0.0,18733.0,4
709,197,4,539,1690,1387,5432.420686657975,158.27440077086763,0.0,18408.0,1
710,197,4,539,1690,1387,4402.57110152329,233.2556244995997,0.0,22714.0,0
711,198,8,1499,740,3837,2965.335231147881,311.08658336992534,0.0,33723.0,1
712,198,8,1499,740,3837,3250.024375182814,287.2768179911722,0.0,30769.0,2
713,198,8,1499,740,3837,3263.281555932646,286.8224844968994,0.0,30644.0,0
714,198,8,1499,740,3837,3212.0258246876306,291.10744033879934,0.0,31133.0,4
715,198,8,1499,740,3837,3093.0067118245647,300.36630051314944,0.0,32331.0,3
716,199,6,1019,265,162,4612.333379456667,175.37937199911605,0.0,21681.0,1
717,199,6,1019,265,162,4832.085044696787,187.67317936038916,0.0,20695.0,3
718,199,6,1019,265,162,4264.028654272557,217.74942445899146,0.0,23452.0,0
719,199,6,1019,265,162,4974.38193304482,177.78955425302635,0.0,20103.0,2
720,199,6,1019,265,162,4759.63826749167,176.24280239953453,0.0,21010.0,4
721,200,2,1979,1215,2612,5068.680622433981,165.912462700018,0.0,19729.0,0
722,200,2,1979,1215,2612,5701.9044360816515,150.53359921438164,0.0,17538.0,1
723,200,2,1979,1215,2612,5427.113860848801,152.10513158947285,0.0,18426.0,2
724,200,2,1979,1215,2612,195.76712326085382,244.26665377923834,23807.0,510811.0,3
725,201,2,179,384,4143,4123.031252576895,222.79574638042936,0.0,24254.0,3
726,201,2,179,384,4143,4112.856790326561,235.90148067176787,0.0,24314.0,0
727,201,2,179,384,4143,3899.2435467519304,237.93166164227674,0.0,25646.0,2
728,201,2,179,384,4143,4280.27222531353,220.02832527085914,0.0,23363.0,1
729,201,2,179,384,4143,4216.029343564232,225.9180564175459,0.0,23719.0,4
730,202,6,1139,1334,1693,4471.671958145151,196.90700328341475,0.0,22363.0,1
731,202,6,1139,1334,1693,4429.678848283499,207.9638200257566,0.0,22575.0,4
732,202,6,1139,1334,1693,4518.957024718695,191.52026567438884,0.0,22129.0,2
733,202,6,1139,1334,1693,4623.208506703652,189.97724500609866,0.0,21630.0,3
734,202,6,1139,1334,1693,4318.721658389117,205.1947246237592,0.0,23155.0,0
735,203,7,659,1809,2918,4110.827920743238,218.43441475318025,0.0,24326.0,1
736,203,7,659,1809,2918,4034.37285673942,225.63342869630867,0.0,24787.0,4
737,203,7,659,1809,2918,3992.812936713915,225.56081256879816,0.0,25045.0,0
738,203,7,659,1809,2918,3944.150824327522,233.006024458099,0.0,25354.0,2
739,203,7,659,1809,2918,4098.696614476597,221.891766162201,0.0,24398.0,3
740,204,4,1619,859,468,5216.756220981793,163.96820043363044,0.0,19169.0,3
741,204,4,1619,859,468,5577.555914998048,160.75429426433917,0.0,17929.0,0
742,204,4,1619,859,468,5527.304886137519,161.5832313218679,0.0,18092.0,4
743,204,4,1619,859,468,5451.373746184038,168.67259722305704,0.0,18344.0,1
744,204,4,1619,859,468,5152.514427040395,176.93237927020192,0.0,19408.0,2
745,205,3,899,1096,4756,3998.400639744102,223.59336855164685,0.0,25010.0,1
746,205,3,899,1096,4756,3948.043744324687,211.3456903431764,0.0,25329.0,3
747,205,3,899,1096,4756,3797.0838396111785,252.8027240861292,0.0,26336.0,2
748,205,3,899,1096,4756,3918.034713787564,227.42029622818765,0.0,25523.0,4
749,205,3,899,1096,4756,4089.4777736883,218.82927559369386,0.0,24453.0,0
750,206,6,1859,146,2306,3302.073702285035,276.2554908916969,0.0,30284.0,0
751,206,6,1859,146,2306,101.04439486532803,383.25529350104824,30649.0,989664.0,2
752,206,6,1859,146,2306,3481.8941504178274,270.74616945914755,0.0,28720.0,1
753,207,5,419,621,3531,199.8233561531606,160.28672496806524,29462.0,500442.0,0
754,208,1,1379,1571,1081,5929.439667951378,143.15471231839288,0.0,16865.0,3
755,208,1,1379,1571,1081,6033.910577445242,148.83924055713885,0.0,16573.0,0
756,208,1,1379,1571,1081,5966.587112171837,144.1322915209528,0.0,16760.0,2
757,208,1,1379,1571,1081,6045.583701106342,144.14975168215315,0.0,16541.0,1
758,208,1,1379,1571,1081,5871.645822323997,146.82712856598704,0.0,17031.0,4
759,209,1,224,577,1655,5124.000819840131,184.04163501898861,0.0,19516.0,2
760,209,1,224,577,1655,5084.142559357364,184.92191471053212,0.0,19669.0,0
761,209,1,224,577,1655,5130.046683424819,179.5918289576606,0.0,19493.0,1
762,209,1,224,577,1655,5104.384666428462,184.83702617464493,0.0,19591.0,3
763,209,1,224,577,1655,5015.548199418196,183.97810204367582,0.0,19938.0,4
764,210,5,1184,1527,4105,3665.554781716213,244.0504705905962,0.0,27281.0,4
765,210,5,1184,1527,4105,3234.9896480331263,275.5363183282961,0.0,30912.0,3
766,210,5,1184,1527,4105,3230.3915234526426,290.2426976632522,0.0,30956.0,1
767,210,5,1184,1527,4105,4244.121891180715,211.03322531605056,0.0,23562.0,2
768,210,5,1184,1527,4105,3973.2994278448823,218.6394608384725,0.0,25168.0,0
769,211,6,704,1052,430,194.83113011797025,293.9902749832327,26209.0,513265.0,3
770,211,6,704,1052,430,5341.880341880342,163.79935081745225,0.0,18720.0,2
771,211,6,704,1052,430,5473.154178753215,157.26145487955898,0.0,18271.0,0
772,211,6,704,1052,430,5376.633152320017,163.63057464833759,0.0,18599.0,1
773,212,3,1664,102,2880,3834.79694750163,239.98881920371892,0.0,26077.0,2
774,212,3,1664,102,2880,3862.942789817283,239.27363850986356,0.0,25887.0,3
775,212,3,1664,102,2880,3647.5051065071493,236.43166649964925,0.0,27416.0,0
776,212,3,1664,102,2880,3811.8472211633757,241.1024186622461,0.0,26234.0,1
777,212,3,1664,102,2880,3456.9779099111556,257.39682124534755,0.0,28927.0,4
778,213,4,944,1764,2268,4772.586264496731,183.0149815734658,0.0,20953.0,4
779,213,4,944,1764,2268,4602.780079167817,194.73645883485796,0.0,21726.0,0
780,213,4,944,1764,2268,4518.344478583047,195.9831068233222,0.0,22132.0,2
781,213,4,944,1764,2268,4793.63405397632,182.35306828868124,0.0,20861.0,3
782,213,4,944,1764,2268,4705.882352941177,187.69828666945256,0.0,21250.0,1
783,214,7,1904,814,4718,3026.634382566586,299.85690157836535,0.0,33040.0,2
784,214,7,1904,814,4718,2950.2006136417276,317.66777368758005,0.0,33896.0,4
785,214,7,1904,814,4718,3030.486696163404,307.8760304121649,0.0,32998.0,1
786,214,7,1904,814,4718,2941.955223441499,310.78697345701323,0.0,33991.0,0
787,214,7,1904,814,4718,2992.220227408737,318.2259166067577,0.0,33420.0,3
788,215,5,464,339,1043,4181.650915781551,220.93465358406107,0.0,23914.0,0
789,215,5,464,339,1043,3605.8125698626186,262.4677849255496,0.0,27733.0,4
790,215,5,464,339,1043,4102.0592337353355,226.46231639778475,0.0,24378.0,3
791,215,5,464,339,1043,4050.550874918989,228.86605380182263,0.0,24688.0,2
792,215,5,464,339,1043,3829.510205644698,238.11331003494757,0.0,26113.0,1
793,216,2,1424,1289,3493,5540.16620498615,158.11775872749436,0.0,18050.0,0
794,217,2,824,221,4411,4106.438896189225,228.01927182044886,0.0,24352.0,0
795,217,2,824,221,4411,189.43161045283625,448.50123264031555,25749.0,527895.0,3
796,217,2,824,221,4411,4105.59592724884,229.60438332102436,0.0,24357.0,1
797,217,2,824,221,4411,4060.9137055837564,222.24276661884267,0.0,24625.0,2
798,218,6,1784,1171,1961,4016.548178495401,225.30851255737508,0.0,24897.0,2
799,218,6,1784,1171,1961,4329.004329004329,210.27477405101425,0.0,23100.0,1
800,218,6,1784,1171,1961,4362.811395663365,203.7122457120064,0.0,22921.0,4
801,218,6,1784,1171,1961,4253.871022630594,203.81931720225327,0.0,23508.0,3
802,218,6,1784,1171,1961,4514.061300952467,193.19896387566507,0.0,22153.0,0
803,219,8,344,1646,3186,3540.7003505293346,265.0770253929867,0.0,28243.0,3
804,219,8,344,1646,3186,3796.939666628697,236.88525611398026,0.0,26337.0,2
805,219,8,344,1646,3186,3848.670284416734,230.21916871202671,0.0,25983.0,4
806,219,8,344,1646,3186,3870.7180181923745,233.96179335675504,0.0,25835.0,0
807,219,8,344,1646,3186,3922.7993095873217,230.97637591893502,0.0,25492.0,1
808,220,4,1304,696,736,95.07538051544167,650.5567722371968,38376.0,1051797.0,1
809,220,4,1304,696,736,5047.445992327882,176.39685865964157,0.0,19812.0,0
810,221,3,584,1408,3799,180.96665146546795,526.5615175097277,24160.0,552588.0,0
811,222,7,1544,458,1349,3455.425017277125,279.84042383683874,0.0,28940.0,1
812,222,7,1544,458,1349,3573.4705546026303,264.4506288306933,0.0,27984.0,4
813,222,7,1544,458,1349,3673.094582185491,261.64962234744036,0.0,27225.0,0
814,222,7,1544,458,1349,3543.209439109946,267.04674373949916,0.0,28223.0,2
815,222,7,1544,458,1349,3598.1577432354634,267.9132697830249,0.0,27792.0,3
816,223,5,1064,933,2574,4092.8252772889127,219.87740788106467,0.0,24433.0,2
817,223,5,1064,933,2574,97.71331304804954,295.3799980822706,39651.0,1023402.0,3
818,223,5,1064,933,2574,3399.2793527772114,259.8956937799043,0.0,29418.0,1
819,223,5,1064,933,2574,4224.400135180805,215.91792422539734,0.0,23672.0,0
820,224,2,2024,1883,124,189.7396392669978,233.88186166875784,24439.0,527038.0,0
821,225,2,1004,1230,1196,6181.233774261343,136.1071271535356,0.0,16178.0,2
822,225,2,1004,1230,1196,5123.475765959627,166.92394366197183,0.0,19518.0,3
823,225,2,1004,1230,1196,5673.436968115284,140.91798767721482,0.0,17626.0,4
824,225,2,1004,1230,1196,5742.176284811943,148.179969109181,0.0,17415.0,1
825,225,2,1004,1230,1196,6156.498183833036,136.05927927927928,0.0,16243.0,0
826,226,5,1964,280,3646,2912.3951537744642,333.8454019989564,0.0,34336.0,4
827,226,5,1964,280,3646,3217.5032175032175,293.5222570282727,0.0,31080.0,1
828,226,5,1964,280,3646,3151.293606025273,297.72536170894955,0.0,31733.0,3
829,226,5,1964,280,3646,3117.3041553664393,297.479167501302,0.0,32079.0,2
830,226,5,1964,280,3646,2998.0512666766604,313.19193596798397,0.0,33355.0,0
831,227,7,524,755,2421,3671.3415081870917,252.6700950318778,0.0,27238.0,1
832,227,7,524,755,2421,3797.804868785842,242.8914084001436,0.0,26331.0,0
833,227,7,524,755,2421,3630.686562829031,252.00129551750942,0.0,27543.0,3
834,227,7,524,755,2421,3776.862937643993,240.70562866083608,0.0,26477.0,2
835,227,7,524,755,2421,3699.0456462232746,251.9810635694369,0.0,27034.0,4
836,228,4,1484,1705,4871,3907.623773983041,232.43890473246515,0.0,25591.0,4
837,228,4,1484,1705,4871,3827.751196172249,228.8093570973902,0.0,26125.0,2
838,228,4,1484,1705,4871,3853.4160533312784,237.31859272415238,0.0,25951.0,3
839,228,4,1484,1705,4871,3988.1949429688125,225.2185233290039,0.0,25074.0,1
840,228,4,1484,1705,4871,3558.465589637748,259.2394726328406,0.0,28102.0,0
841,229,4,284,517,583,4883.766360617308,190.21512615114165,0.0,20476.0,0
842,229,4,284,517,583,196.59613452680293,348.37381516587675,31425.0,508657.0,1
843,230,8,1244,1467,3033,3863.3905115129037,234.58371536774965,0.0,25884.0,0
844,230,8,1244,1467,3033,3583.7155963302753,254.70934069230307,0.0,27904.0,4
845,230,8,1244,1467,3033,3548.112404200965,253.32882665379043,0.0,28184.0,3
846,230,8,1244,1467,3033,3654.302941713868,249.06626821218708,0.0,27365.0,1
847,230,8,1244,1467,3033,3565.5708478927477,260.68026586295684,0.0,28046.0,2
848,231,6,764,1942,1808,4733.503739467954,190.42419165021045,0.0,21126.0,2
849,231,6,764,1942,1808,4703.8901171268635,192.44648832782286,0.0,21259.0,4
850,231,6,764,1942,1808,5019.828321871392,178.1166484009166,0.0,19921.0,0
851,231,6,764,1942,1808,4458.9111339011015,210.1505283458556,0.0,22427.0,3
852,231,6,764,1942,1808,4629.415304846998,191.97195365561328,0.0,21601.0,1
853,232,3,1724,992,4258,4186.027041734689,214.44962354961757,0.0,23889.0,0
854,232,3,1724,992,4258,66.89728390337623,1083.5392004153687,45982.0,1494829.0,2
855,232,3,1724,992,4258,4251.1584406750835,212.97291779258993,0.0,23523.0,1
856,233,2,404,1586,2727,65.8131577613786,623.5693497044111,43474.0,1519453.0,0
857,234,6,1364,636,277,97.35344655539167,559.4922334172963,40484.0,1027185.0,0
858,235,7,884,161,3952,97.54708109869229,531.1449417207937,27570.0,1025146.0,0
859,236,4,1844,1111,1502,100.36724374486245,399.2284304726939,41398.0,996341.0,0
860,237,3,644,874,3340,193.80821514262345,226.52852954922037,26401.0,515974.0,0
861,238,7,1604,1824,890,4921.74426616793,181.53785614664275,0.0,20318.0,2
862,238,7,1604,1824,890,4754.659566375048,186.45092679422973,0.0,21032.0,0
863,238,7,1604,1824,890,5089.835598310175,174.4027736026774,0.0,19647.0,4
864,238,7,1604,1824,890,4987.5311720698255,178.97766120828928,0.0,20050.0,3
865,238,7,1604,1824,890,4771.447657219201,187.4677837105515,0.0,20958.0,1
866,239,5,164,1349,4565,3921.722420487078,225.7553773603677,0.0,25499.0,0
867,239,5,164,1349,4565,3788.452795878163,252.8394492654869,0.0,26396.0,2
868,239,5,164,1349,4565,3707.9609922503614,236.08708870887088,0.0,26969.0,1
869,239,5,164,1349,4565,3644.314868804665,242.6239907497857,0.0,27440.0,4
870,239,5,164,1349,4565,4027.710649266957,222.26266139025464,0.0,24828.0,3
871,240,1,1124,399,2115,4338.959517507702,222.64762683797858,0.0,23047.0,0
872,240,1,1124,399,2115,4476.275738585497,215.65429179005108,0.0,22340.0,1
873,240,1,1124,399,2115,4563.501118057774,211.84339963833634,0.0,21913.0,2
874,240,1,1124,399,2115,4425.366199052972,221.69926879320994,0.0,22597.0,4
875,241,1,674,1735,3875,6128.953174797744,144.70504385964912,0.0,16316.0,1
876,241,1,674,1735,3875,6110.975311659741,146.36688564525468,0.0,16364.0,3
877,241,1,674,1735,3875,6284.960090503425,137.2650481540931,0.0,15911.0,2
878,241,1,674,1735,3875,6154.224875376946,141.81097135567205,0.0,16249.0,0
879,242,5,1634,785,1425,4602.144599383312,202.92058411682336,0.0,21729.0,0
880,242,5,1634,785,1425,4033.0711837063923,225.30432780847144,0.0,24795.0,1
881,242,5,1634,785,1425,4665.049449524165,192.39021045728254,0.0,21436.0,4
882,242,5,1634,785,1425,3894.687646050787,238.32837826994063,0.0,25676.0,3
883,242,5,1634,785,1425,4529.80612429788,198.81616440549087,0.0,22076.0,2
884,243,6,194,310,2650,2337.158482716713,452.22043696674905,0.0,42787.0,1
885,243,6,194,310,2650,3228.9312237649337,306.406525942315,0.0,30970.0,2
886,243,6,194,310,2650,3295.978905735003,288.7741922624624,0.0,30340.0,4
887,243,6,194,310,2650,3182.787485279608,277.8738670393292,0.0,31419.0,3
888,243,6,194,310,2650,3401.9391052900155,276.5266658700761,0.0,29395.0,0
889,244,3,1154,1260,200,66.36629282533919,579.1129408335762,43554.0,1506789.0,0
890,245,4,434,1022,4488,66.03013615414075,723.5824680511182,45018.0,1514460.0,0
891,246,7,1394,1972,2038,65.6746294965777,1523.02545259007,44596.0,1522658.0,0
892,247,6,914,1497,3263,96.52239464339318,941.5360766629087,37532.0,1036029.0,0
893,248,2,1874,547,813,190.00064600219642,334.9541227526348,24279.0,526314.0,0
894,249,3,314,1141,2344,4480.889008379262,207.41776703489882,0.0,22317.0,1
895,249,3,314,1141,2344,5037.022112527074,173.97225433526012,0.0,19853.0,3
896,249,3,314,1141,2344,4433.01711144605,200.97865067466267,0.0,22558.0,4
897,249,3,314,1141,2344,4605.3237542599245,209.17013833359988,0.0,21714.0,2
898,249,3,314,1141,2344,5058.936611524257,172.32917906247488,0.0,19767.0,0
899,250,6,1274,191,4794,2857.1428571428573,335.48159080936614,0.0,35000.0,4
900,250,6,1274,191,4794,2894.52356142179,332.80186610311415,0.0,34548.0,3
901,250,6,1274,191,4794,2872.6551951969204,325.788612670409,0.0,34811.0,2
902,250,6,1274,191,4794,2894.6073465134455,327.1221098265896,0.0,34547.0,1
903,250,6,1274,191,4794,2567.921524318217,399.5492867318072,0.0,38942.0,0
904,251,8,794,666,1119,4134.623335814107,224.92228041418463,0.0,24186.0,1
905,251,8,794,666,1119,3956.948401392846,235.90279114533206,0.0,25272.0,3
906,251,8,794,666,1119,4105.427374989737,229.6434697816959,0.0,24358.0,2
907,251,8,794,666,1119,4028.197381671702,231.13258485430674,0.0,24825.0,0
908,251,8,794,666,1119,3812.4285169653067,248.658968452679,0.0,26230.0,4
909,252,4,1754,1616,3569,4172.055571780216,214.23446757405924,0.0,23969.0,1
910,252,4,1754,1616,3569,4162.3309053069715,218.0888284794819,0.0,24025.0,4
911,252,4,1754,1616,3569,4191.1148365465215,214.02392942109438,0.0,23860.0,2
912,252,4,1754,1616,3569,3865.4812524159256,258.62283611798057,0.0,25870.0,3
913,252,4,1754,1616,3569,4189.710072063013,213.16140632847817,0.0,23868.0,0
914,253,3,1034,428,1732,4033.721915211165,223.9135487471844,0.0,24791.0,4
915,253,3,1034,428,1732,3712.3658907821955,275.5234497448057,0.0,26937.0,3
916,253,3,1034,428,1732,4123.031252576895,237.7398155573376,0.0,24254.0,0
917,253,3,1034,428,1732,4117.090040759192,232.47021510755377,0.0,24289.0,1
918,253,3,1034,428,1732,4358.627903935841,216.9675924075924,0.0,22943.0,2
919,254,7,1994,1378,4182,3472.5839497169845,260.7317254397944,0.0,28797.0,2
920,254,7,1994,1378,4182,3524.477496211187,260.04745925215724,0.0,28373.0,3
921,254,7,1994,1378,4182,3595.828838547285,249.91916492525317,0.0,27810.0,4
922,254,7,1994,1378,4182,3141.690229343387,283.86888356301176,0.0,31830.0,1
923,254,7,1994,1378,4182,3484.927687750479,261.1961562355959,0.0,28695.0,0
924,255,5,554,1853,507,6039.74149906384,136.85885258740134,0.0,16557.0,0
925,255,5,554,1853,507,4910.385465259023,172.0910889506185,0.0,20365.0,3
926,255,5,554,1853,507,5136.106831022085,168.47189464232267,0.0,19470.0,2
927,255,5,554,1853,507,3875.0678136867396,241.28067475466193,0.0,25806.0,1
928,255,5,554,1853,507,5863.039399624766,143.6368300797691,0.0,17056.0,4
929,256,2,1514,903,2957,5052.03597049611,163.92176210395692,0.0,19794.0,0
930,256,2,1514,903,2957,193.6914688592541,198.54928677879496,26583.0,516285.0,1
931,257,1,494,132,3416,4591.579044033243,198.57508295625942,0.0,21779.0,3
932,257,1,494,132,3416,4523.0449138359945,200.30740265983016,0.0,22109.0,2
933,257,1,494,132,3416,4615.313610559838,201.22512065733318,0.0,21667.0,4
934,257,1,494,132,3416,4705.439488048184,197.60146259590792,0.0,21252.0,0
935,257,1,494,132,3416,4632.417658776115,200.45270824579308,0.0,21587.0,1
936,258,5,1454,1082,966,5042.355788624445,181.7128114522055,0.0,19832.0,2
937,258,5,1454,1082,966,4987.033712347896,185.1244469358746,0.0,20052.0,1
938,258,5,1454,1082,966,4990.518015770037,179.22218678361406,0.0,20038.0,4
939,258,5,1454,1082,966,5255.413075467732,164.36723923425774,0.0,19028.0,0
940,258,5,1454,1082,966,4521.204448865177,191.5370958400735,0.0,22118.0,3
941,259,7,974,1557,4641,3510.6196243637,270.33021283405344,0.0,28485.0,1
942,259,7,974,1557,4641,3491.6201117318437,258.20680429660985,0.0,28640.0,3
943,259,7,974,1557,4641,3565.6979853806383,257.4299639498117,0.0,28045.0,0
944,259,7,974,1557,4641,3563.030000712606,255.67493603070525,0.0,28066.0,4
945,259,7,974,1557,4641,3297.500494625074,254.57168660191059,0.0,30326.0,2
946,260,3,1934,607,2191,4041.3837698027805,219.66294527363183,0.0,24744.0,0
947,260,3,1934,607,2191,4467.277194549922,208.47953953953953,0.0,22385.0,1
948,260,3,1934,607,2191,4358.627903935841,212.3990583165413,0.0,22943.0,2
949,260,3,1934,607,2191,67.08995958500834,624.990603541742,41778.0,1490536.0,3
950,261,4,734,1319,2804,64.93506493506493,1827.0402506170497,39753.0,1540000.0,0
951,262,8,1694,369,354,95.68718710289818,1352.654628962536,38577.0,1045072.0,0
952,263,6,254,844,4029,194.12613151268906,156.8216451562743,24071.0,515129.0,0
953,264,2,1214,1794,1579,98.94015308020485,294.4497299543,40460.0,1010712.0,2
954,264,2,1214,1794,1579,6571.597555365709,130.42221066527983,0.0,15217.0,1
955,264,2,1214,1794,1579,5521.201413427561,169.77693090444743,0.0,18112.0,0
956,265,2,854,725,660,191.03656439842587,243.96970732749412,26564.0,523460.0,0
957,266,5,1814,1675,3110,4289.268250836407,198.5114522124955,0.0,23314.0,3
958,266,5,1814,1675,3110,4393.480075567857,204.59350247275944,0.0,22761.0,1
959,266,5,1814,1675,3110,4708.5412939071475,187.6735986614079,0.0,21238.0,0
960,266,5,1814,1675,3110,4629.62962962963,193.8329254102636,0.0,21600.0,2
961,266,5,1814,1675,3110,4514.061300952467,202.22842700206974,0.0,22153.0,4
962,267,7,374,1200,1885,3798.814769791825,225.53635579103698,0.0,26324.0,0
963,267,7,374,1200,1885,3971.8790960003175,228.7516134172576,0.0,25177.0,1
964,267,7,374,1200,1885,3408.0839751891485,265.07773541213345,0.0,29342.0,3
965,267,7,374,1200,1885,4175.539688504739,216.23349856509262,0.0,23949.0,4
966,267,7,374,1200,1885,4152.134196977247,216.55595437504985,0.0,24084.0,2
967,268,4,1334,250,4335,2896.6196448744317,306.2004799520048,0.0,34523.0,3
968,268,4,1334,250,4335,3086.8008396098285,307.76382800669484,0.0,32396.0,4
969,268,4,1334,250,4335,2741.6038382453735,366.09934189276487,0.0,36475.0,0
970,268,4,1334,250,4335,3068.0493342332943,308.366911234063,0.0,32594.0,1
971,268,4,1334,250,4335,2625.292063742091,370.00058115067833,0.0,38091.0,2
972,269,3,134,1913,1272,5804.504295333179,153.38892682143145,0.0,17228.0,3
973,269,3,134,1913,1272,5498.1306355839015,160.07339467813895,0.0,18188.0,0
974,269,3,134,1913,1272,6042.296072507553,145.50263862791348,0.0,16550.0,4
975,269,3,134,1913,1272,5949.547834364588,143.9235122930256,0.0,16808.0,1
976,269,3,134,1913,1272,5372.589050663515,185.12526288381036,0.0,18613.0,2
977,270,6,1094,963,3722,3688.267620698558,244.14058270337472,0.0,27113.0,4
978,270,6,1094,963,3722,3742.3749111185957,242.51018851257754,0.0,26721.0,2
979,270,6,1094,963,3722,3683.6482852617232,245.70296652635798,0.0,27147.0,3
980,270,6,1094,963,3722,3664.077385314378,248.17507883267388,0.0,27292.0,0
981,270,6,1094,963,3722,3706.0371344920877,247.60984,0.0,26983.0,1
982,271,5,614,488,2497,3771.734620752084,258.2741023437968,0.0,26513.0,3
983,271,5,614,488,2497,3740.2752842609216,257.4153429674748,0.0,26736.0,2
984,271,5,614,488,2497,3680.93643022785,262.062829841676,0.0,27167.0,0
985,271,5,614,488,2497,3416.0005465600875,295.99763240619154,0.0,29274.0,1
986,271,5,614,488,2497,3813.737080965638,253.16159939192704,0.0,26221.0,4
987,272,1,1574,1438,4947,5944.949765174484,144.74995500269983,0.0,16821.0,0
988,272,1,1574,1438,4947,5818.689631095077,149.4118151026101,0.0,17186.0,2
989,272,1,1574,1438,4947,5803.830528148578,144.97878672872181,0.0,17230.0,1
990,272,1,1574,1438,4947,6036.095853202149,142.4070938490551,0.0,16567.0,3
991,273,1,851,1663,3308,6283.775292195551,136.7986986906579,0.0,15914.0,1
992,273,1,851,1663,3308,6155.740227762389,143.7988614800759,0.0,16245.0,4
993,273,1,851,1663,3308,6079.0273556231,138.0773130798982,0.0,16450.0,0
994,273,1,851,1663,3308,6325.510784995889,135.92937740076826,0.0,15809.0,2
995,273,1,851,1663,3308,6009.976561091412,145.23327374615863,0.0,16639.0,3
996,274,5,1811,713,858,4976.114649681529,186.54116986954693,0.0,20096.0,3
997,274,5,1811,713,858,4615.739672282483,202.59750505596605,0.0,21665.0,1
998,274,5,1811,713,858,4990.0199600798405,185.46756291072288,0.0,20040.0,0
999,274,5,1811,713,858,4247.005860868088,192.79917754621312,0.0,23546.0,2
1000,274,5,1811,713,858,4650.513881783937,187.9462728945053,0.0,21503.0,4
1001,275,6,371,238,4533,2917.1528588098017,329.1932469098583,0.0,34280.0,1
1002,275,6,371,238,4533,2910.2761852099766,320.68622826304215,0.0,34361.0,3
1003,275,6,371,238,4533,2775.3108348134992,339.05121498312803,0.0,36032.0,4
1004,275,6,371,238,4533,2995.2674773857307,313.4040250465121,0.0,33386.0,0
1005,275,6,371,238,4533,2963.6654614427125,324.681591741192,0.0,33742.0,2
1006,276,3,1331,1188,2083,4668.098216786481,192.0567128476029,0.0,21422.0,0
1007,276,3,1331,1188,2083,5145.356315924878,168.3275900154628,0.0,19435.0,1
1008,276,3,1331,1188,2083,4746.535029428517,192.45601155373691,0.0,21068.0,4
1009,276,3,1331,1188,2083,5058.4248065152515,169.4565344048217,0.0,19769.0,2
1010,276,3,1331,1188,2083,4988.277547762757,181.4515429458228,0.0,20047.0,3
1011,277,4,131,951,2696,3779.289493575208,234.7607968095553,0.0,26460.0,0
1012,277,4,131,951,2696,95.10015472795175,1074.895876800795,39796.0,1051523.0,1
1013,278,7,1091,1901,246,177.32068445784202,584.3821071481868,22998.0,563950.0,0
1014,279,5,611,1426,3921,3900.612396146195,231.31621486445934,0.0,25637.0,3
1015,279,5,611,1426,3921,3811.120850642174,238.5477922077922,0.0,26239.0,4
1016,279,5,611,1426,3921,4177.632953168734,205.7855037593985,0.0,23937.0,0
1017,279,5,611,1426,3921,4252.423881612519,207.5255916454892,0.0,23516.0,1
1018,279,5,611,1426,3921,3865.0330460325436,236.41821863159794,0.0,25873.0,2
1019,280,2,1571,476,1471,4914.004914004914,190.81969575660528,0.0,20350.0,0
1020,280,2,1571,476,1471,64.27491150951558,2595.0093068821943,41918.0,1555817.0,1
1021,281,2,491,1069,552,93.03684352040251,1904.35886214442,36874.0,1074843.0,0
1022,282,6,1451,119,3002,170.522754556368,877.3738815985685,23048.0,586432.0,0
1023,283,8,971,594,1777,3514.567883878677,263.41168589653864,0.0,28453.0,2
1024,283,8,971,594,1777,3615.9826432833124,259.52884229936666,0.0,27655.0,1
1025,283,8,971,594,1777,3405.5305816646232,280.87999277427645,0.0,29364.0,3
1026,283,8,971,594,1777,3012.320390396723,356.92284166550064,0.0,33197.0,0
1027,283,8,971,594,1777,3366.5499596014006,280.7268883259868,0.0,29704.0,4
1028,284,4,1931,1544,4227,4103.405826836274,221.25884618470673,0.0,24370.0,3
1029,284,4,1931,1544,4227,3922.4915666431316,225.98055712100475,0.0,25494.0,0
1030,284,4,1931,1544,4227,3727.310000372731,240.14295688950068,0.0,26829.0,2
1031,284,4,1931,1544,4227,3832.592365476008,234.18500279129117,0.0,26092.0,1
1032,284,4,1931,1544,4227,3870.118812647548,234.70819429736048,0.0,25839.0,4
1033,285,3,731,357,1165,3829.8035310788555,237.88908562788478,0.0,26111.0,4
1034,285,3,731,357,1165,4240.882103477524,219.16177327626053,0.0,23580.0,0
1035,285,3,731,357,1165,4099.200655872105,229.3423932651834,0.0,24395.0,2
1036,285,3,731,357,1165,3876.4197387293098,242.62463307732517,0.0,25797.0,3
1037,285,3,731,357,1165,4196.919461115541,213.51416552026637,0.0,23827.0,1
1038,286,7,1691,1307,3615,3411.2229234180454,266.20678074524227,0.0,29315.0,2
1039,286,7,1691,1307,3615,3099.525772556799,284.1867184995191,0.0,32263.0,3
1040,286,7,1691,1307,3615,3349.4105037513395,272.2065663748723,0.0,29856.0,4
1041,286,7,1691,1307,3615,3565.3166001140903,255.98748945740792,0.0,28048.0,0
1042,286,7,1691,1307,3615,3461.764807698965,262.2133731343284,0.0,28887.0,1
1043,287,5,251,1782,2390,4622.781065088758,188.9401119776045,0.0,21632.0,3
1044,287,5,251,1782,2390,4647.4880327183155,187.88721264367817,0.0,21517.0,0
1045,287,5,251,1782,2390,4713.42383107089,185.22186617532194,0.0,21216.0,1
1046,287,5,251,1782,2390,4650.513881783937,195.2085622390475,0.0,21503.0,4
1047,287,5,251,1782,2390,4450.972537499443,208.34978798303865,0.0,22467.0,2
1048,288,1,1211,832,4840,5580.357142857143,157.53559760956176,0.0,17920.0,3
1049,288,1,1211,832,4840,5346.4499572284,160.6244968257465,0.0,18704.0,1
1050,288,1,1211,832,4840,5599.731212901781,157.5374360409338,0.0,17858.0,0
1051,288,1,1211,832,4840,5624.29696287964,153.9614652425706,0.0,17780.0,2
1052,288,1,1211,832,4840,5451.968160505942,162.26973867387932,0.0,18342.0,4
1053,289,2,311,179,4074,3836.4152535870485,245.22116542258607,0.0,26066.0,0
1054,289,2,311,179,4074,4200.974626113259,218.51467823861137,0.0,23804.0,4
1055,289,2,311,179,4074,4166.145898429363,216.20600016021788,0.0,24003.0,2
1056,289,2,311,179,4074,4237.467689308869,216.23047881584466,0.0,23599.0,1
1057,289,2,311,179,4074,3837.740338488698,276.9825754101956,0.0,26057.0,3
1058,290,5,1271,1129,1624,4671.369178306161,187.77583274982496,0.0,21407.0,0
1059,290,5,1271,1129,1624,4714.090416254184,187.49327711035087,0.0,21213.0,1
1060,290,5,1271,1129,1624,4614.461723040007,187.56875025091333,0.0,21671.0,4
1061,290,5,1271,1129,1624,4484.103851845209,187.66188704903607,0.0,22301.0,3
1062,290,5,1271,1129,1624,4572.891896835559,198.33665890037238,0.0,21868.0,2
1063,291,7,791,1604,2849,3827.6046849881345,240.35230265141615,0.0,26126.0,4
1064,291,7,791,1604,2849,4066.6937779585196,221.96311762002756,0.0,24590.0,3
1065,291,7,791,1604,2849,3792.331904888316,229.37037185046057,0.0,26369.0,2
1066,291,7,791,1604,2849,3976.6174891637174,229.2319252396294,0.0,25147.0,0
1067,291,7,791,1604,2849,3996.16368286445,228.52848974369226,0.0,25024.0,1
1068,292,3,1751,654,399,5470.459518599562,166.48596129600352,0.0,18280.0,3
1069,292,3,1751,654,399,4761.224586963767,226.24272703512335,0.0,21003.0,4
1070,292,3,1751,654,399,5095.022163346411,177.4035752979415,0.0,19627.0,2
1071,292,3,1751,654,399,5760.036864235931,156.86102060804734,0.0,17361.0,1
1072,292,3,1751,654,399,5658.989304510214,161.126293622142,0.0,17671.0,0
1073,293,4,1031,1366,4687,3750.234389649353,236.62071567576155,0.0,26665.0,2
1074,293,4,1031,1366,4687,3663.272034581288,248.9418053675241,0.0,27298.0,4
1075,293,4,1031,1366,4687,3578.5857429144003,257.1650141926198,0.0,27944.0,3
1076,293,4,1031,1366,4687,3825.2620304490856,235.4928441321884,0.0,26142.0,0
1077,293,4,1031,1366,4687,3550.758086851543,260.5902893182501,0.0,28163.0,1
1078,294,8,1991,416,2237,2893.434796446862,338.2140825890175,0.0,34561.0,1
1079,294,8,1991,416,2237,2768.6259309504694,327.89670532525383,0.0,36119.0,3
1080,294,8,1991,416,2237,3088.8984987953295,312.7868553446513,0.0,32374.0,2
1081,294,8,1991,416,2237,2934.70286133529,328.41022661243466,0.0,34075.0,0
1082,294,8,1991,416,2237,2720.7182696231807,333.6004345919222,0.0,36755.0,4
1083,295,6,551,891,3462,3822.1916446890646,239.22983717530192,0.0,26163.0,2
1084,295,6,551,891,3462,3736.501886933453,246.391451899467,0.0,26763.0,0
1085,295,6,551,891,3462,3760.670903689218,239.47472382324688,0.0,26591.0,1
1086,295,6,551,891,3462,3808.508207335187,240.88956455857723,0.0,26257.0,4
1087,295,6,551,891,3462,3820.5853136700543,236.7792994836832,0.0,26174.0,3
1088,296,3,1511,1841,1012,5730.987449137487,145.96737136019146,0.0,17449.0,0
1089,296,3,1511,1841,1012,6057.66900896535,140.19704807365835,0.0,16508.0,1
1090,296,3,1511,1841,1012,6029.18123718799,146.51711614094228,0.0,16586.0,3
1091,296,3,1511,1841,1012,4610.206998294223,174.62766233506997,0.0,21691.0,2
1092,296,3,1511,1841,1012,4826.254826254826,165.6838148081137,0.0,20720.0,4
1093,297,2,671,773,2543,5305.321237200913,173.64236583220028,0.0,18849.0,0
1094,297,2,671,773,2543,50.26876193568916,508.9030850732315,46807.0,1989307.0,2
1095,297,2,671,773,2543,5443.065534509035,164.63091885846663,0.0,18372.0,1
1096,298,6,1631,1723,4993,49.823574721909715,1058.9216108207809,46937.0,2007082.0,0
1097,299,7,191,1248,1318,66.73112893722002,286.9864809504302,45144.0,1498551.0,0
1098,300,4,256,100,4000,99.39873703964717,133.2892189218922,41326.0,1006049.0,0
